{
  "data": "/root/gpufree-data/linziyao/VecGAD/dataset/elliptic.mat",
  "n": 46564,
  "anom_rate": 0.09760759384932566,
  "seeds": [
    {
      "seed": 0,
      "scores": {
        "baseline_support_qc": {
          "multiply": {
            "avg_ref_purity": 0.12134105746928958,
            "normal_node_ref_purity": 0.12334449891715653,
            "anomaly_node_ref_purity": 0.10281903190319032
          },
          "add": {
            "avg_ref_purity": 0.08757972897517395,
            "normal_node_ref_purity": 0.08867863347533259,
            "anomaly_node_ref_purity": 0.07742024202420242
          },
          "rank_add": {
            "avg_ref_purity": 0.05751224121639034,
            "normal_node_ref_purity": 0.05712148075870439,
            "anomaly_node_ref_purity": 0.06112486248624863
          }
        },
        "normal_cal_attr_dev": {
          "multiply": {
            "avg_ref_purity": 0.09541437591272227,
            "normal_node_ref_purity": 0.09366596063685476,
            "anomaly_node_ref_purity": 0.11157865786578658
          },
          "add": {
            "avg_ref_purity": 0.0687642277295765,
            "normal_node_ref_purity": 0.0658377757681049,
            "anomaly_node_ref_purity": 0.09581958195819582
          },
          "rank_add": {
            "avg_ref_purity": 0.025878360965552787,
            "normal_node_ref_purity": 0.026862847759346963,
            "anomaly_node_ref_purity": 0.016776677667766776
          }
        },
        "normal_cal_max_dev": {
          "multiply": {
            "avg_ref_purity": 0.37889114981530797,
            "normal_node_ref_purity": 0.36997994954663366,
            "anomaly_node_ref_purity": 0.46127612761276127
          },
          "add": {
            "avg_ref_purity": 0.36097494845803624,
            "normal_node_ref_purity": 0.3512547894999881,
            "anomaly_node_ref_purity": 0.45083883388338836
          },
          "rank_add": {
            "avg_ref_purity": 0.21405350700111675,
            "normal_node_ref_purity": 0.20732287774578168,
            "anomaly_node_ref_purity": 0.27627887788778877
          }
        },
        "normal_cal_soft_or": {
          "multiply": {
            "avg_ref_purity": 0.2687564427454686,
            "normal_node_ref_purity": 0.25604488445703133,
            "anomaly_node_ref_purity": 0.38627612761276126
          },
          "add": {
            "avg_ref_purity": 0.24590617215015892,
            "normal_node_ref_purity": 0.23237553249720364,
            "anomaly_node_ref_purity": 0.3709983498349835
          },
          "rank_add": {
            "avg_ref_purity": 0.08126449617730436,
            "normal_node_ref_purity": 0.08197482091434827,
            "anomaly_node_ref_purity": 0.07469746974697469
          }
        }
      }
    },
    {
      "seed": 1,
      "scores": {
        "baseline_support_qc": {
          "multiply": {
            "avg_ref_purity": 0.12134105746928958,
            "normal_node_ref_purity": 0.12334449891715653,
            "anomaly_node_ref_purity": 0.10281903190319032
          },
          "add": {
            "avg_ref_purity": 0.08757972897517395,
            "normal_node_ref_purity": 0.08867863347533259,
            "anomaly_node_ref_purity": 0.07742024202420242
          },
          "rank_add": {
            "avg_ref_purity": 0.05751224121639034,
            "normal_node_ref_purity": 0.05712148075870439,
            "anomaly_node_ref_purity": 0.06112486248624863
          }
        },
        "normal_cal_attr_dev": {
          "multiply": {
            "avg_ref_purity": 0.08819984322652694,
            "normal_node_ref_purity": 0.08603399652538138,
            "anomaly_node_ref_purity": 0.10822332233223322
          },
          "add": {
            "avg_ref_purity": 0.06418585173095095,
            "normal_node_ref_purity": 0.06110331040719674,
            "anomaly_node_ref_purity": 0.09268426842684269
          },
          "rank_add": {
            "avg_ref_purity": 0.002049598402199124,
            "normal_node_ref_purity": 0.0021865108641328924,
            "anomaly_node_ref_purity": 0.0007838283828382838
          }
        },
        "normal_cal_max_dev": {
          "multiply": {
            "avg_ref_purity": 0.38655935916158407,
            "normal_node_ref_purity": 0.38056295961350817,
            "anomaly_node_ref_purity": 0.441996699669967
          },
          "add": {
            "avg_ref_purity": 0.360505164934284,
            "normal_node_ref_purity": 0.3520356862371784,
            "anomaly_node_ref_purity": 0.4388063806380638
          },
          "rank_add": {
            "avg_ref_purity": 0.2415962438793918,
            "normal_node_ref_purity": 0.23585312596682453,
            "anomaly_node_ref_purity": 0.2946919691969197
          }
        },
        "normal_cal_soft_or": {
          "multiply": {
            "avg_ref_purity": 0.06325165363800361,
            "normal_node_ref_purity": 0.06067790761322259,
            "anomaly_node_ref_purity": 0.08704620462046204
          },
          "add": {
            "avg_ref_purity": 0.07955851086676402,
            "normal_node_ref_purity": 0.07774756657702468,
            "anomaly_node_ref_purity": 0.0963008800880088
          },
          "rank_add": {
            "avg_ref_purity": 0.0416040288634997,
            "normal_node_ref_purity": 0.04333902520288441,
            "anomaly_node_ref_purity": 0.025563806380638064
          }
        }
      }
    },
    {
      "seed": 2,
      "scores": {
        "baseline_support_qc": {
          "multiply": {
            "avg_ref_purity": 0.12134105746928958,
            "normal_node_ref_purity": 0.12334449891715653,
            "anomaly_node_ref_purity": 0.10281903190319032
          },
          "add": {
            "avg_ref_purity": 0.08757972897517395,
            "normal_node_ref_purity": 0.08867863347533259,
            "anomaly_node_ref_purity": 0.07742024202420242
          },
          "rank_add": {
            "avg_ref_purity": 0.05751224121639034,
            "normal_node_ref_purity": 0.05712148075870439,
            "anomaly_node_ref_purity": 0.06112486248624863
          }
        },
        "normal_cal_attr_dev": {
          "multiply": {
            "avg_ref_purity": 0.09433521604673138,
            "normal_node_ref_purity": 0.09252213284466551,
            "anomaly_node_ref_purity": 0.1110973597359736
          },
          "add": {
            "avg_ref_purity": 0.06907965380981015,
            "normal_node_ref_purity": 0.06617095837597277,
            "anomaly_node_ref_purity": 0.09597084708470847
          },
          "rank_add": {
            "avg_ref_purity": 0.019615475474615583,
            "normal_node_ref_purity": 0.020388098241271805,
            "anomaly_node_ref_purity": 0.012472497249724972
          }
        },
        "normal_cal_max_dev": {
          "multiply": {
            "avg_ref_purity": 0.389375375826819,
            "normal_node_ref_purity": 0.3836910088293391,
            "anomaly_node_ref_purity": 0.44192794279427944
          },
          "add": {
            "avg_ref_purity": 0.3645775169658964,
            "normal_node_ref_purity": 0.35674784026273826,
            "anomaly_node_ref_purity": 0.43696369636963694
          },
          "rank_add": {
            "avg_ref_purity": 0.23838426681556568,
            "normal_node_ref_purity": 0.23249601370808443,
            "anomaly_node_ref_purity": 0.2928217821782178
          }
        },
        "normal_cal_soft_or": {
          "multiply": {
            "avg_ref_purity": 0.10245307533717035,
            "normal_node_ref_purity": 0.10141989338156548,
            "anomaly_node_ref_purity": 0.11200495049504951
          },
          "add": {
            "avg_ref_purity": 0.10882199768061163,
            "normal_node_ref_purity": 0.10814006758847187,
            "anomaly_node_ref_purity": 0.11512651265126513
          },
          "rank_add": {
            "avg_ref_purity": 0.06544487157460699,