{
  "data": "/root/gpufree-data/linziyao/VecGAD/dataset/elliptic.mat",
  "device": "cuda",
  "n": 46564,
  "anom_rate": 0.09760759384932566,
  "seeds": [
    {
      "seed": 0,
      "scores": {
        "baseline_support_qc": {
          "multiply": {
            "avg_ref_purity": 0.0,
            "normal_node_ref_purity": 0.0,
            "anomaly_node_ref_purity": 0.0
          },
          "add": {
            "avg_ref_purity": 0.0,
            "normal_node_ref_purity": 0.0,
            "anomaly_node_ref_purity": 0.0
          },
          "rank_add": {
            "avg_ref_purity": 0.055061313461042864,
            "normal_node_ref_purity": 0.054613686665556056,
            "anomaly_node_ref_purity": 0.0591996699669967
          }
        },
        "normal_cal_attr_dev": {
          "multiply": {
            "avg_ref_purity": 0.09541437591272227,
            "normal_node_ref_purity": 0.09366596063685476,
            "anomaly_node_ref_purity": 0.11157865786578658
          },
          "add": {
            "avg_ref_purity": 0.0687642277295765,
            "normal_node_ref_purity": 0.0658377757681049,
            "anomaly_node_ref_purity": 0.09581958195819582
          },
          "rank_add": {
            "avg_ref_purity": 0.02577232411304871,
            "normal_node_ref_purity": 0.026758728194388254,
            "anomaly_node_ref_purity": 0.016652915291529152
          }
        },
        "normal_cal_max_dev": {
          "multiply": {
            "avg_ref_purity": 0.38115282192251526,
            "normal_node_ref_purity": 0.3723360265594136,
            "anomaly_node_ref_purity": 0.46266501650165015
          },
          "add": {
            "avg_ref_purity": 0.3616715703118289,
            "normal_node_ref_purity": 0.3519821390323425,
            "anomaly_node_ref_purity": 0.45125137513751373
          },
          "rank_add": {
            "avg_ref_purity": 0.2138561979211408,
            "normal_node_ref_purity": 0.207135462528856,
            "anomaly_node_ref_purity": 0.275990099009901
          }
        },
        "normal_cal_soft_or": {
          "multiply": {
            "avg_ref_purity": 0.271188579159866,
            "normal_node_ref_purity": 0.25856011566196246,
            "anomaly_node_ref_purity": 0.38794004400440046
          },
          "add": {
            "avg_ref_purity": 0.24694640709561033,
            "normal_node_ref_purity": 0.2334271401032866,
            "anomaly_node_ref_purity": 0.3719334433443344
          },
          "rank_add": {
            "avg_ref_purity": 0.08130207885920454,
            "normal_node_ref_purity": 0.08200456936147933,
            "anomaly_node_ref_purity": 0.0748074807480748
          }
        }
      }
    },
    {
      "seed": 1,
      "scores": {
        "baseline_support_qc": {
          "multiply": {
            "avg_ref_purity": 0.0,
            "normal_node_ref_purity": 0.0,
            "anomaly_node_ref_purity": 0.0
          },
          "add": {
            "avg_ref_purity": 0.0,
            "normal_node_ref_purity": 0.0,
            "anomaly_node_ref_purity": 0.0
          },
          "rank_add": {
            "avg_ref_purity": 0.055061313461042864,
            "normal_node_ref_purity": 0.054613686665556056,
            "anomaly_node_ref_purity": 0.0591996699669967
          }
        },
        "normal_cal_attr_dev": {
          "multiply": {
            "avg_ref_purity": 0.08819984322652694,
            "normal_node_ref_purity": 0.08603399652538138,
            "anomaly_node_ref_purity": 0.10822332233223322
          },
          "add": {
            "avg_ref_purity": 0.06418585173095095,
            "normal_node_ref_purity": 0.06110331040719674,
            "anomaly_node_ref_purity": 0.09268426842684269
          },
          "rank_add": {
            "avg_ref_purity": 0.002050940640838416,
            "normal_node_ref_purity": 0.002187998286489445,
            "anomaly_node_ref_purity": 0.0007838283828382838
          }
        },
        "normal_cal_max_dev": {
          "multiply": {
            "avg_ref_purity": 0.38655935916158407,
            "normal_node_ref_purity": 0.38056295961350817,
            "anomaly_node_ref_purity": 0.441996699669967
          },
          "add": {
            "avg_ref_purity": 0.34744249849669273,
            "normal_node_ref_purity": 0.3399072443418454,
            "anomaly_node_ref_purity": 0.4171067106710671
          },
          "rank_add": {
            "avg_ref_purity": 0.24137745898118718,
            "normal_node_ref_purity": 0.23563744972512435,
            "anomaly_node_ref_purity": 0.29444444444444445
          }
        },
        "normal_cal_soft_or": {
          "multiply": {
            "avg_ref_purity": 0.06341272227471867,
            "normal_node_ref_purity": 0.060843011494799974,
            "anomaly_node_ref_purity": 0.08716996699669967
          },
          "add": {
            "avg_ref_purity": 0.07951824370758526,
            "normal_node_ref_purity": 0.07770443132868464,
            "anomaly_node_ref_purity": 0.09628712871287129
          },
          "rank_add": {
            "avg_ref_purity": 0.04161745124989262,
            "normal_node_ref_purity": 0.04335538684880649,
            "anomaly_node_ref_purity": 0.02555005500550055
          }
        }
      }
    },
    {
      "seed": 2,
      "scores": {
        "baseline_support_qc": {
          "multiply": {
            "avg_ref_purity": 0.0,
            "normal_node_ref_purity": 0.0,
            "anomaly_node_ref_purity": 0.0
          },
          "add": {
            "avg_ref_purity": 0.0,
            "normal_node_ref_purity": 0.0,
            "anomaly_node_ref_purity": 0.0
          },
          "rank_add": {
            "avg_ref_purity": 0.055061313461042864,
            "normal_node_ref_purity": 0.054613686665556056,
            "anomaly_node_ref_purity": 0.0591996699669967
          }
        },
        "normal_cal_attr_dev": {
          "multiply": {
            "avg_ref_purity": 0.09397952280731896,
            "normal_node_ref_purity": 0.0921458149884576,
            "anomaly_node_ref_purity": 0.11093234323432344
          },
          "add": {
            "avg_ref_purity": 0.0688326819001804,
            "normal_node_ref_purity": 0.06591512173064566,
            "anomaly_node_ref_purity": 0.0958058305830583
          },
          "rank_add": {
            "avg_ref_purity": 0.0195094386221115,
            "normal_node_ref_purity": 0.02028546609866965,
            "anomaly_node_ref_purity": 0.012334983498349834
          }
        },
        "normal_cal_max_dev": {
          "multiply": {
            "avg_ref_purity": 0.389375375826819,
            "normal_node_ref_purity": 0.3836910088293391,
            "anomaly_node_ref_purity": 0.44192794279427944
          },
          "add": {
            "avg_ref_purity": 0.35125445623228246,
            "normal_node_ref_purity": 0.3439158475927557,
            "anomaly_node_ref_purity": 0.4191006600660066
          },
          "rank_add": {
            "avg_ref_purity": 0.23821246026973628,
            "normal_node_ref_purity": 0.23232793498179394,
            "anomaly_node_ref_purity": 0.2926155115511551
          }
        },
        "normal_cal_soft_or": {
          "multiply": {
            "avg_ref_purity": 0.10340069581651061,
            "normal_node_ref_purity": 0.10239266760275113,
            "anomaly_node_ref_purity": 0.11272002200220022
          },
          "add": {
            "avg_ref_purity": 0.10938305343183576,
            "normal_node_ref_purity": 0.10867256479211786,
            "anomaly_node_ref_purity": 0.11595159515951595
          },
          "rank_add": {
            "avg_ref_purity": 0.06544889829052487,
            "normal_node_ref_purity": 0.06794545324734048,
            "anomaly_node_ref_purity": 0.04236798679867987
          }
        }
      }
    },
    {
      "seed": 3,