{
  "data": "/root/gpufree-data/linziyao/VecGAD/dataset/elliptic.mat",
  "n": 46564,
  "anom_rate": 0.09760759384932566,
  "train_normal": 2328,
  "scores": {
    "baseline_support_qc": {
      "auc": 0.5720971321292627,
      "ap": 0.14592296407525707,
      "ks": 0.24875963309698734,
      "normal_mean": 0.22622024338999314,
      "anomaly_mean": 0.4121331785613394,
      "top16_anom_ratio": 0.3125,
      "top32_anom_ratio": 0.34375,
      "top64_anom_ratio": 0.265625,
      "top128_anom_ratio": 0.296875,
      "top256_anom_ratio": 0.27734375
    },
    "base_center_dev": {
      "auc": 0.7717581032479125,
      "ap": 0.21729152234658344,
      "ks": 0.48223892428986825,
      "normal_mean": 0.5273003925691129,
      "anomaly_mean": 0.671326471823625,
      "top16_anom_ratio": 0.0625,
      "top32_anom_ratio": 0.125,
      "top64_anom_ratio": 0.234375,
      "top128_anom_ratio": 0.21875,
      "top256_anom_ratio": 0.234375
    },
    "rank_product_center": {
      "auc": 0.6774809923458849,
      "ap": 0.22596748171908104,
      "ks": 0.3508441555500418,
      "normal_mean": 0.2875909622391574,
      "anomaly_mean": 0.49842666910805056,
      "top16_anom_ratio": 0.125,
      "top32_anom_ratio": 0.0625,
      "top64_anom_ratio": 0.03125,
      "top128_anom_ratio": 0.09375,
      "top256_anom_ratio": 0.0625
    },
    "scp_bin20_center": {
      "auc": 0.6796791492852611,
      "ap": 0.21369220077487816,
      "ks": 0.33476323286199494,
      "normal_mean": 0.23357468635153947,
      "anomaly_mean": 0.4015784424196711,
      "top16_anom_ratio": 0.125,
      "top32_anom_ratio": 0.0625,
      "top64_anom_ratio": 0.03125,
      "top128_anom_ratio": 0.09375,
      "top256_anom_ratio": 0.0625
    },
    "scp_bin50_center": {
      "auc": 0.679609857984775,
      "ap": 0.21358328615705222,
      "ks": 0.3346461031785847,
      "normal_mean": 0.23362459156772894,
      "anomaly_mean": 0.4015506711230052,
      "top16_anom_ratio": 0.125,
      "top32_anom_ratio": 0.0625,
      "top64_anom_ratio": 0.03125,
      "top128_anom_ratio": 0.09375,
      "top256_anom_ratio": 0.0625
    },
    "scp_roll10_center": {
      "auc": 0.6793075195094178,
      "ap": 0.21482729259367994,
      "ks": 0.33647370639155827,
      "normal_mean": 0.2644647640515181,
      "anomaly_mean": 0.45521103233256033,
      "top16_anom_ratio": 0.0625,
      "top32_anom_ratio": 0.03125,
      "top64_anom_ratio": 0.046875,
      "top128_anom_ratio": 0.0703125,
      "top256_anom_ratio": 0.0625
    },
    "pareto_product_center": {
      "auc": 0.6774809923458849,
      "ap": 0.22596748171908104,
      "ks": 0.3508441555500418,
      "normal_mean": 0.28759096223921116,
      "anomaly_mean": 0.4984266691081436,
      "top16_anom_ratio": 0.125,
      "top32_anom_ratio": 0.0625,
      "top64_anom_ratio": 0.03125,
      "top128_anom_ratio": 0.09375,
      "top256_anom_ratio": 0.0625
    },
    "pareto_min_center": {
      "auc": 0.656555412317928,
      "ap": 0.2385873433032701,
      "ks": 0.35139829221266694,
      "normal_mean": 0.3729773704832914,
      "anomaly_mean": 0.5667448012918304,
      "top16_anom_ratio": 0.125,
      "top32_anom_ratio": 0.21875,
      "top64_anom_ratio": 0.359375,
      "top128_anom_ratio": 0.359375,
      "top256_anom_ratio": 0.35546875
    },
    "pareto_ideal_center": {
      "auc": 0.6957819961533982,
      "ap": 0.22980336548362051,
      "ks": 0.3516537793382851,
      "normal_mean": 0.48143153972134156,
      "anomaly_mean": 0.6618545043177062,
      "top16_anom_ratio": 0.125,
      "top32_anom_ratio": 0.0625,
      "top64_anom_ratio": 0.03125,
      "top128_anom_ratio": 0.09375,
      "top256_anom_ratio": 0.0625
    },
    "pareto_harmonic_center": {
      "auc": 0.6626009879600017,
      "ap": 0.22442748841345486,
      "ks": 0.3510228792459674,
      "normal_mean": 0.43766602406715066,
      "anomaly_mean": 0.6101900099687475,
      "top16_anom_ratio": 0.125,
      "top32_anom_ratio": 0.0625,
      "top64_anom_ratio": 0.03125,
      "top128_anom_ratio": 0.09375,
      "top256_anom_ratio": 0.0625
    },
    "base_density_dev": {
      "auc": 0.5920229915373555,
      "ap": 0.11384058722063688,
      "ks": 0.26152516105986,
      "normal_mean": 0.34513686981081143,
      "anomaly_mean": 0.40488155333149034,
      "top16_anom_ratio": 0.125,
      "top32_anom_ratio": 0.0625,
      "top64_anom_ratio": 0.03125,
      "top128_anom_ratio": 0.0546875,
      "top256_anom_ratio": 0.08203125
    },
    "rank_product_density": {
      "auc": 0.6073989421360566,
      "ap": 0.1475148539191682,
      "ks": 0.24712037780802765,
      "normal_mean": 0.25834258075000116,
      "anomaly_mean": 0.34753434989572785,
      "top16_anom_ratio": 0.125,
      "top32_anom_ratio": 0.0625,
      "top64_anom_ratio": 0.0625,
      "top128_anom_ratio": 0.1171875,
      "top256_anom_ratio": 0.12890625
    },
    "scp_bin20_density": {
      "auc": 0.6299397352096285,
      "ap": 0.1704455459067329,
      "ks": 0.2800652834744908,
      "normal_mean": 0.2382475669494777,
      "anomaly_mean": 0.35864918028599785,
      "top16_anom_ratio": 0.125,
      "top32_anom_ratio": 0.0625,
      "top64_anom_ratio": 0.0625,
      "top128_anom_ratio": 0.1171875,
      "top256_anom_ratio": 0.12890625
    },
    "scp_bin50_density": {
      "auc": 0.6298619821286252,
      "ap": 0.170358272240257,
      "ks": 0.2793814187101853,
      "normal_mean": 0.2382688048538108,
      "anomaly_mean": 0.3585770273538434,
      "top16_anom_ratio": 0.125,
      "top32_anom_ratio": 0.0625,
      "top64_anom_ratio": 0.0625,
      "top128_anom_ratio": 0.1171875,
      "top256_anom_ratio": 0.12890625
    },
    "scp_roll10_density": {
      "auc": 0.6293747202369634,
      "ap": 0.16801347961065236,
      "ks": 0.2742460290437526,
      "normal_mean": 0.24961643380122453,
      "anomaly_mean": 0.3742039304223959,
      "top16_anom_ratio": 0.125,
      "top32_anom_ratio": 0.09375,
      "top64_anom_ratio": 0.0625,
      "top128_anom_ratio": 0.1015625,
      "top256_anom_ratio": 0.12890625
    },
    "pareto_product_density": {
      "auc": 0.6073989421360566,
      "ap": 0.1475148539191682,
      "ks": 0.24712037780802765,
      "normal_mean": 0.258342580750032,
      "anomaly_mean": 0.34753434989576926,
      "top16_anom_ratio": 0.125,
      "top32_anom_ratio": 0.0625,
      "top64_anom_ratio": 0.0625,
      "top128_anom_ratio": 0.1171875,
      "top256_anom_ratio": 0.12890625
    },
    "pareto_min_density": {
      "auc": 0.5818310622799351,
      "ap": 0.13901728017562032,
      "ks": 0.20290721854022192,
      "normal_mean": 0.3492544328305378,
      "anomaly_mean": 0.42391418438549366,
      "top16_anom_ratio": 0.0625,
      "top32_anom_ratio": 0.15625,
      "top64_anom_ratio": 0.15625,
      "top128_anom_ratio": 0.1484375,
      "top256_anom_ratio": 0.21484375
    },
    "pareto_ideal_density": {
      "auc": 0.6089381955164032,
      "ap": 0.14791106657778336,
      "ks": 0.23924952908437275,
      "normal_mean": 0.47360551748297264,
      "anomaly_mean": 0.5558788942433796,
      "top16_anom_ratio": 0.125,
      "top32_anom_ratio": 0.0625,
      "top64_anom_ratio": 0.0625,
      "top128_anom_ratio": 0.1171875,
      "top256_anom_ratio": 0.12890625
    },
    "pareto_harmonic_density": {
      "auc": 0.5977276872835907,
      "ap": 0.1447779333059284,
      "ks": 0.2312309866841893,
      "normal_mean": 0.41486985742371874,
      "anomaly_mean": 0.5000146084350452,
      "top16_anom_ratio": 0.125,
      "top32_anom_ratio": 0.0625,
      "top64_anom_ratio": 0.0625,
      "top128_anom_ratio": 0.1171875,
      "top256_anom_ratio": 0.12890625
    },
    "base_attr_dev": {
      "auc": 0.598642821515784,
      "ap": 0.10913403966773295,
      "ks": 0.3346512242313977,
      "normal_mean": 0.18694973152174718,
      "anomaly_mean": 0.21685344660365552,
      "top16_anom_ratio": 0.125,
      "top32_anom_ratio": 0.0625,
      "top64_anom_ratio": 0.03125,
      "top128_anom_ratio": 0.015625,