{
  "data": "/root/gpufree-data/linziyao/VoxG/dataset/photo.mat",
  "n": 7535,
  "anom_rate": 0.09263437292634373,
  "train_normal": 376,
  "scores": {
    "baseline_support_qc": {
      "auc": 0.6097976080763987,
      "ap": 0.1232366531809419,
      "ks": 0.18772790727010832,
      "normal_mean": 0.3929140536713019,
      "anomaly_mean": 0.464882620124583,
      "top16_anom_ratio": 0.0625,
      "top32_anom_ratio": 0.0625,
      "top64_anom_ratio": 0.109375,
      "top128_anom_ratio": 0.1171875,
      "top256_anom_ratio": 0.09765625
    },
    "base_center_dev": {
      "auc": 0.5961061986586553,
      "ap": 0.11330893571831968,
      "ks": 0.20523168852439092,
      "normal_mean": 0.3560340701780359,
      "anomaly_mean": 0.3991327871318378,
      "top16_anom_ratio": 0.125,
      "top32_anom_ratio": 0.0625,
      "top64_anom_ratio": 0.046875,
      "top128_anom_ratio": 0.0703125,
      "top256_anom_ratio": 0.0859375
    },
    "rank_product_center": {
      "auc": 0.683231682657108,
      "ap": 0.18460643743001223,
      "ks": 0.2751724247761946,
      "normal_mean": 0.21334774727863473,
      "anomaly_mean": 0.33090030599163117,
      "top16_anom_ratio": 0.0625,
      "top32_anom_ratio": 0.09375,
      "top64_anom_ratio": 0.109375,
      "top128_anom_ratio": 0.2265625,
      "top256_anom_ratio": 0.31640625
    },
    "scp_bin20_center": {
      "auc": 0.6855520882707566,
      "ap": 0.20142200116738967,
      "ks": 0.28074760080515887,
      "normal_mean": 0.24420702885032675,
      "anomaly_mean": 0.4033937517784587,
      "top16_anom_ratio": 0.6875,
      "top32_anom_ratio": 0.625,
      "top64_anom_ratio": 0.5,
      "top128_anom_ratio": 0.3828125,
      "top256_anom_ratio": 0.3046875
    },
    "scp_bin50_center": {
      "auc": 0.6866156380691106,
      "ap": 0.19109372276978867,
      "ks": 0.2904009575405691,
      "normal_mean": 0.23738528934279918,
      "anomaly_mean": 0.3924964758598547,
      "top16_anom_ratio": 0.375,
      "top32_anom_ratio": 0.40625,
      "top64_anom_ratio": 0.421875,
      "top128_anom_ratio": 0.3828125,
      "top256_anom_ratio": 0.2890625
    },
    "scp_roll10_center": {
      "auc": 0.6868279079825641,
      "ap": 0.21120509514953323,
      "ks": 0.2825398461849879,
      "normal_mean": 0.24289087965932105,
      "anomaly_mean": 0.4029822241162498,
      "top16_anom_ratio": 0.625,
      "top32_anom_ratio": 0.71875,
      "top64_anom_ratio": 0.609375,
      "top128_anom_ratio": 0.453125,
      "top256_anom_ratio": 0.3046875
    },
    "pareto_product_center": {
      "auc": 0.683231682657108,
      "ap": 0.18460643743001223,
      "ks": 0.2751724247761946,
      "normal_mean": 0.21334774727864336,
      "anomaly_mean": 0.33090030599164466,
      "top16_anom_ratio": 0.0625,
      "top32_anom_ratio": 0.09375,
      "top64_anom_ratio": 0.109375,
      "top128_anom_ratio": 0.2265625,
      "top256_anom_ratio": 0.31640625
    },
    "pareto_min_center": {
      "auc": 0.6592459158472378,
      "ap": 0.1715035704847421,
      "ks": 0.24627794241094197,
      "normal_mean": 0.2986465102824204,
      "anomaly_mean": 0.4190969197211753,
      "top16_anom_ratio": 0.125,
      "top32_anom_ratio": 0.0625,
      "top64_anom_ratio": 0.09375,
      "top128_anom_ratio": 0.1875,
      "top256_anom_ratio": 0.2265625
    },
    "pareto_ideal_center": {
      "auc": 0.6873716793798114,
      "ap": 0.18343604301220956,
      "ks": 0.26283143338140313,
      "normal_mean": 0.436686805800182,
      "anomaly_mean": 0.5451898266367249,
      "top16_anom_ratio": 0.125,
      "top32_anom_ratio": 0.0625,
      "top64_anom_ratio": 0.09375,
      "top128_anom_ratio": 0.1875,
      "top256_anom_ratio": 0.296875
    },
    "pareto_harmonic_center": {
      "auc": 0.671665801242439,
      "ap": 0.18215167008103694,
      "ks": 0.2574060826121814,
      "normal_mean": 0.37580828207276273,
      "anomaly_mean": 0.5051639427589613,
      "top16_anom_ratio": 0.0625,
      "top32_anom_ratio": 0.09375,
      "top64_anom_ratio": 0.109375,
      "top128_anom_ratio": 0.203125,
      "top256_anom_ratio": 0.3046875
    },
    "base_density_dev": {
      "auc": 0.6104279218964064,
      "ap": 0.11779393039667369,
      "ks": 0.20628696126294102,
      "normal_mean": 0.2245981519779476,
      "anomaly_mean": 0.2657360699549876,
      "top16_anom_ratio": 0.125,
      "top32_anom_ratio": 0.0625,
      "top64_anom_ratio": 0.03125,
      "top128_anom_ratio": 0.0859375,
      "top256_anom_ratio": 0.08203125
    },
    "rank_product_density": {
      "auc": 0.6890899550859495,
      "ap": 0.18425965436955116,
      "ks": 0.2748178732524403,
      "normal_mean": 0.22280643645776205,
      "anomaly_mean": 0.3481808940700837,
      "top16_anom_ratio": 0.0625,
      "top32_anom_ratio": 0.09375,
      "top64_anom_ratio": 0.140625,
      "top128_anom_ratio": 0.265625,
      "top256_anom_ratio": 0.30859375
    },
    "scp_bin20_density": {
      "auc": 0.6912201978699248,
      "ap": 0.19913865762726707,
      "ks": 0.2888128097872984,
      "normal_mean": 0.2440839250808701,
      "anomaly_mean": 0.4048711909191687,
      "top16_anom_ratio": 0.75,
      "top32_anom_ratio": 0.625,
      "top64_anom_ratio": 0.515625,
      "top128_anom_ratio": 0.34375,
      "top256_anom_ratio": 0.27734375
    },
    "scp_bin50_density": {
      "auc": 0.6920683345675581,
      "ap": 0.1893298015031314,
      "ks": 0.2892430073512864,
      "normal_mean": 0.24008651200997283,
      "anomaly_mean": 0.3991538199643725,
      "top16_anom_ratio": 0.4375,
      "top32_anom_ratio": 0.40625,
      "top64_anom_ratio": 0.390625,
      "top128_anom_ratio": 0.359375,
      "top256_anom_ratio": 0.28125
    },
    "scp_roll10_density": {
      "auc": 0.6923387534454571,
      "ap": 0.20865825749867184,
      "ks": 0.28773260109642756,
      "normal_mean": 0.24335974162255794,
      "anomaly_mean": 0.40563880640491295,
      "top16_anom_ratio": 0.625,
      "top32_anom_ratio": 0.6875,
      "top64_anom_ratio": 0.5625,
      "top128_anom_ratio": 0.4375,
      "top256_anom_ratio": 0.27734375
    },
    "pareto_product_density": {
      "auc": 0.6890899550859495,
      "ap": 0.18425965436955116,
      "ks": 0.2748178732524403,
      "normal_mean": 0.22280643645777462,
      "anomaly_mean": 0.3481808940701033,
      "top16_anom_ratio": 0.0625,
      "top32_anom_ratio": 0.09375,
      "top64_anom_ratio": 0.140625,
      "top128_anom_ratio": 0.265625,
      "top256_anom_ratio": 0.30859375
    },
    "pareto_min_density": {
      "auc": 0.667642940631898,
      "ap": 0.1701564566069016,
      "ks": 0.2553954904901822,
      "normal_mean": 0.3068653212166678,
      "anomaly_mean": 0.4347849538130326,
      "top16_anom_ratio": 0.125,
      "top32_anom_ratio": 0.0625,
      "top64_anom_ratio": 0.09375,
      "top128_anom_ratio": 0.1796875,
      "top256_anom_ratio": 0.25390625
    },
    "pareto_ideal_density": {
      "auc": 0.6913289521493744,
      "ap": 0.18242996652343285,
      "ks": 0.27395957358264256,
      "normal_mean": 0.44025818011950163,
      "anomaly_mean": 0.5576021520912575,
      "top16_anom_ratio": 0.125,
      "top32_anom_ratio": 0.0625,
      "top64_anom_ratio": 0.125,
      "top128_anom_ratio": 0.21875,
      "top256_anom_ratio": 0.28515625
    },
    "pareto_harmonic_density": {
      "auc": 0.6794338742549074,
      "ap": 0.1819887420837445,
      "ks": 0.26700810062222535,
      "normal_mean": 0.38450607754856375,
      "anomaly_mean": 0.5232715462508131,
      "top16_anom_ratio": 0.0625,
      "top32_anom_ratio": 0.0625,
      "top64_anom_ratio": 0.140625,
      "top128_anom_ratio": 0.25,
      "top256_anom_ratio": 0.296875
    },
    "base_attr_dev": {
      "auc": 0.5866025624100786,
      "ap": 0.12217083011640652,
      "ks": 0.14211963138376096,
      "normal_mean": 0.4987250455201906,
      "anomaly_mean": 0.5784391796015719,
      "top16_anom_ratio": 0.125,
      "top32_anom_ratio": 0.1875,
      "top64_anom_ratio": 0.25,
      "top128_anom_ratio": 0.2265625,