{
  "margin_auc": {
    "n": 5,
    "mean": 0.7951905128900001,
    "std": 0.00713153460348097,
    "values": [
      0.7937893927243307,
      0.7960205786773313,
      0.7990649272450858,
      0.7840436810832045,
      0.8030339847200483
    ]
  },
  "margin_ap": {
    "n": 5,
    "mean": 0.5165241550876415,
    "std": 0.022026783456653546,
    "values": [
      0.5510314415205053,
      0.5191977399902219,
      0.5112148521925549,
      0.49042154368445623,
      0.5107551980504692
    ]
  },
  "score_auc": {
    "n": 5,
    "mean": 0.7952534184949228,
    "std": 0.007064559800233545,
    "values": [
      0.7938340003260981,
      0.7962716100289863,
      0.7986627438209576,
      0.7842511395590068,
      0.8032475987395653
    ]
  },
  "score_ap": {
    "n": 5,
    "mean": 0.5160781750689222,
    "std": 0.022111894886595134,
    "values": [
      0.5511698654920719,
      0.5163893998728485,
      0.5144034033498739,
      0.4904785068352572,
      0.5079496997945593
    ]
  },
  "delta_auc_vs_margin": {
    "n": 5,
    "mean": 6.290560492268061e-05,
    "std": 0.00027186507552260123,
    "values": [
      4.460760176738798e-05,
      0.00025103135165494006,
      -0.00040218342412823294,
      0.00020745847580228016,
      0.00021361401951702777
    ]
  },
  "delta_ap_vs_margin": {
    "n": 5,
    "mean": -0.00044598001871936076,
    "std": 0.0024976172781558986,
    "values": [
      0.00013842397156660358,
      -0.002808340117373409,
      0.003188551157318975,
      5.696315080094827e-05,
      -0.0028054982559099217
    ]
  },
  "corr_mean": {
    "n": 5,
    "mean": -0.1766901433467865,
    "std": 0.00365583389950716,
    "values": [
      -0.18018031120300293,
      -0.1736179143190384,
      -0.1801920235157013,
      -0.17716898024082184,
      -0.17229148745536804
    ]
  },
  "corr_std": {
    "n": 5,
    "mean": 0.10726358294487,
    "std": 0.0014817692076190133,
    "values": [
      0.10526794195175172,
      0.10740485787391664,
      0.10667072236537932,
      0.10764041543006896,
      0.10933397710323334
    ]
  },
  "corr_abs_mean": {
    "n": 5,
    "mean": 0.18275907635688782,
    "std": 0.0038571741674212046,
    "values": [
      0.18502235412597656,
      0.178007572889328,
      0.18725727498531344,
      0.18394020199775696,
      0.17956797778606415
    ]
  },
  "corr_abs_mean_over_margin_std": {
    "n": 5,
    "mean": 0.39295145304007484,
    "std": 0.01636458479774714,
    "values": [
      0.40077413590672106,
      0.3730157704171555,
      0.4163740055271707,
      0.38734013378195375,
      0.38725321956737313
    ]
  },
  "corr_std_over_margin_std": {
    "n": 5,
    "mean": 0.2305459244129325,
    "std": 0.005545440555472504,
    "values": [
      0.2280193043358808,
      0.22506742357131493,
      0.23718659767548791,
      0.22666851759538909,
      0.2357877788865898
    ]
  },
  "spearman_score_margin": {
    "n": 5,
    "mean": 0.9984658698006008,
    "std": 0.00021981438246170904,
    "values": [
      0.9987261572127436,
      0.9982446811665482,
      0.9983770534780848,
      0.9986744066144204,
      0.9983070505312072
    ]
  },
  "pearson_score_margin": {
    "n": 5,
    "mean": 0.9934541973819212,
    "std": 0.0003166921882463059,
    "values": [
      0.9935730775742458,
      0.993469743856006,
      0.9930608166541968,
      0.9938987335939404,
      0.9932686152312172
    ]
  },
  "spearman_corr_margin": {
    "n": 5,
    "mean": -0.9956539146967177,
    "std": 0.0010270196583596508,
    "values": [
      -0.9967722342404032,
      -0.993967617016014,
      -0.9958224067627882,
      -0.9959449126173314,
      -0.9957624028470516
    ]
  },
  "pearson_corr_margin": {
    "n": 5,
    "mean": -0.9195230292098662,
    "std": 0.0032741472703975588,
    "values": [
      -0.9186960954480072,
      -0.9141917323767924,
      -0.920708388116942,
      -0.9219657965661102,
      -0.9220531335414792
    ]
  },
  "linear_r2_corr_from_margin": {
    "n": 5,
    "mean": 0.8455311772795675,
    "std": 0.006012174952249058,
    "values": [
      0.8440025157914145,
      0.835746523546081,
      0.8477039359488976,
      0.8500209300377827,
      0.8501819810736617
    ]
  },
  "corr_resid_std_after_linear_margin": {
    "n": 5,
    "mean": 0.04214800465997403,
    "std": 0.0008286142928499834,
    "values": [
      0.04157717137520717,
      0.04352925179892796,
      0.04162838467254452,
      0.04168604270990294,
      0.042319172743287566
    ]
  },
  "top1_jaccard_margin_score": {
    "n": 5,
    "mean": 0.9753414341307175,
    "std": 0.029752681720518728,
    "values": [
      0.925925925925926,
      0.9688195991091314,
      0.9954853273137696,
      0.990990990990991,
      0.9954853273137696
    ]
  },
  "top5_jaccard_margin_score": {
    "n": 5,
    "mean": 0.9996383363471971,
    "std": 0.0004952283521746642,
    "values": [
      1,
      1,
      1,
      0.9990958408679927,
      0.9990958408679927
    ]
  },
  "top1_boundary_flip_rate": {
    "n": 5,
    "mean": 0.05568181818181818,
    "std": 0.06751568535233157,
    "values": [
      0.17045454545454544,
      0.0625,
      0.011363636363636364,
      0.022727272727272728,
      0.011363636363636364
    ]
  },
  "top5_boundary_flip_rate": {
    "n": 5,
    "mean": 0.0009049773755656109,
    "std": 0.001239191306572774,
    "values": [
      0,
      0,
      0,
      0.0022624434389140274,
      0.0022624434389140274
    ]
  },
  "rank_flip_rate_sampled": {
    "n": 5,
    "mean": 0.008640196261015169,
    "std": 0.000751506447617176,
    "values": [
      0.007840274409604336,
      0.009615144227163409,
      0.00835,
      0.00816028560999635,
      0.00923527705831175
    ]
  },
  "corr_anom_minus_normal": {
    "n": 5,
    "mean": -0.055721840262413024,
    "std": 0.0028531392928136594,
    "values": [
      -0.05162917077541351,
      -0.05563129484653473,
      -0.0555730015039444,
      -0.0560992956161499,
      -0.05967643857002258
    ]
  },
  "corr_cohen_d_anom_vs_normal": {
    "n": 5,
    "mean": -0.525560355291079,
    "std": 0.020369014534939407,
    "values": [
      -0.4957069237507868,
      -0.5241720921673412,
      -0.527293351325517,
      -0.5275075300422716,
      -0.5531218791694785
    ]
  },
  "corr_only_auc": {
    "n": 5,
    "mean": 0.20900631614319023,
    "std": 0.006786258495828692,
    "values": [
      0.20797084710196573,
      0.20361471501323736,
      0.21058021081400563,
      0.21979405985279177,
      0.20307174793395072
    ]
  },
  "corr_only_ap": {
    "n": 5,
    "mean": 0.05799687359305944,
    "std": 0.0005899789807893188,
    "values": [
      0.05818897238546498,
      0.057858827066861185,
      0.05750939755566285,
      0.05892238059429114,
      0.05750479036301703
    ]
  },
  "neg_corr_auc": {
    "n": 5,
    "mean": 0.7909936838568098,
    "std": 0.0067862584958287495,
    "values": [
      0.7920291528980343,
      0.7963852849867625,
      0.7894197891859944,
      0.7802059401472081,
      0.7969282520660494
    ]
  },
  "neg_corr_ap": {
    "n": 5,
    "mean": 0.45440700096846326,
    "std": 0.04866070219177273,
    "values": [
      0.48773092541827834,
      0.5053665959765571,
      0.3802582701422344,
      0.4597005967987121,
      0.4389786165065344
    ]
  },
  "anom_corr_mean": {
    "n": 5,
    "mean": -0.22697845101356506,
    "std": 0.0023851437360855087,
    "values": [
      -0.22678732872009277,
      -0.2238238900899887,
      -0.23035293817520144,
      -0.2277947962284088,
      -0.2261333018541336
    ]
  },
  "normal_corr_mean": {
    "n": 5,
    "mean": -0.17125661075115203,
    "std": 0.003881181750819169,
    "values": [
      -0.17515815794467926,
      -0.16819259524345398,
      -0.17477993667125702,
      -0.1716955006122589,
      -0.16645686328411102
    ]
  },
  "flag_A_global_shift": {
    "n": 5,
    "true_count": 5,
    "values": [
      true,
      true,
      true,
      true,
      true
    ]
  },
  "flag_B_margin_linked": {
    "n": 5,