{
  "dataset": "elliptic",
  "pp_k": 6,
  "alpha": 0.1,
  "n_nodes": 46564,
  "n_normal": 42019,
  "n_anomaly": 4545,
  "n_zero_vector_nodes": 0,
  "hops": [
    {
      "hop": 1,
      "zero_ratio_normal": 0.0,
      "zero_ratio_anomaly": 0.0,
      "non_zero_count_normal": 42019,
      "non_zero_count_anomaly": 4545,
      "normal_sim_mean": 0.13553309440612793,
      "normal_sim_std": 0.27098938822746277,
      "anomaly_sim_mean": 0.3093048334121704,
      "anomaly_sim_std": 0.30319836735725403,
      "normal_direction_var": 0.01055518165230751,
      "anomaly_direction_var": 0.008637604303658009,
      "var_ratio": 0.8183283344950179,
      "mann_whitney_stat": 63784742.5,
      "mann_whitney_p": 1.0,
      "significant": false
    },
    {
      "hop": 2,
      "zero_ratio_normal": 0.0,
      "zero_ratio_anomaly": 0.0,
      "non_zero_count_normal": 42019,
      "non_zero_count_anomaly": 4545,
      "normal_sim_mean": 0.09648919850587845,
      "normal_sim_std": 0.2525480091571808,
      "anomaly_sim_mean": 0.31215593218803406,
      "anomaly_sim_std": 0.3262445032596588,
      "normal_direction_var": 0.010652430355548859,
      "anomaly_direction_var": 0.008859257213771343,
      "var_ratio": 0.8316653416081726,
      "mann_whitney_stat": 59744638.0,
      "mann_whitney_p": 1.0,
      "significant": false
    },
    {
      "hop": 3,
      "zero_ratio_normal": 0.0,
      "zero_ratio_anomaly": 0.0,
      "non_zero_count_normal": 42019,
      "non_zero_count_anomaly": 4545,
      "normal_sim_mean": 0.12289538234472275,
      "normal_sim_std": 0.2619711756706238,
      "anomaly_sim_mean": 0.3109118640422821,
      "anomaly_sim_std": 0.30676591396331787,
      "normal_direction_var": 0.010590109042823315,
      "anomaly_direction_var": 0.00867855828255415,
      "var_ratio": 0.819496585494156,
      "mann_whitney_stat": 61766095.5,
      "mann_whitney_p": 1.0,
      "significant": false
    },
    {
      "hop": 4,
      "zero_ratio_normal": 0.0,
      "zero_ratio_anomaly": 0.0,
      "non_zero_count_normal": 42019,
      "non_zero_count_anomaly": 4545,
      "normal_sim_mean": 0.09954876452684402,
      "normal_sim_std": 0.2498486191034317,
      "anomaly_sim_mean": 0.31663116812705994,
      "anomaly_sim_std": 0.32400354743003845,
      "normal_direction_var": 0.010645976290106773,
      "anomaly_direction_var": 0.008851375430822372,
      "var_ratio": 0.831429180985963,
      "mann_whitney_stat": 59342411.5,
      "mann_whitney_p": 1.0,
      "significant": false
    },
    {
      "hop": 5,
      "zero_ratio_normal": 0.0,
      "zero_ratio_anomaly": 0.0,
      "non_zero_count_normal": 42019,
      "non_zero_count_anomaly": 4545,
      "normal_sim_mean": 0.11796731501817703,
      "normal_sim_std": 0.25491172075271606,
      "anomaly_sim_mean": 0.31758108735084534,
      "anomaly_sim_std": 0.3131871521472931,
      "normal_direction_var": 0.010602948255836964,
      "anomaly_direction_var": 0.008693001233041286,
      "var_ratio": 0.819866412746956,
      "mann_whitney_stat": 60624726.0,
      "mann_whitney_p": 1.0,
      "significant": false
    },
    {
      "hop": 6,
      "zero_ratio_normal": 0.0,
      "zero_ratio_anomaly": 0.0,
      "non_zero_count_normal": 42019,
      "non_zero_count_anomaly": 4545,
      "normal_sim_mean": 0.10224632918834686,
      "normal_sim_std": 0.2484615296125412,
      "anomaly_sim_mean": 0.3188801407814026,
      "anomaly_sim_std": 0.3249310553073883,
      "normal_direction_var": 0.010640119202435017,
      "anomaly_direction_var": 0.008825699798762798,
      "var_ratio": 0.829473763207055,
      "mann_whitney_stat": 59432602.5,
      "mann_whitney_p": 1.0,
      "significant": false
    }
  ],
  "spearman_rho": -0.19110557909917145,
  "spearman_p": 0.0,
  "spearman_significant": true
}