{
  "dataset": "Photo",
  "pp_k": 6,
  "alpha": 0.1,
  "n_nodes": 7535,
  "n_normal": 6837,
  "n_anomaly": 698,
  "n_zero_vector_nodes": 0,
  "hops": [
    {
      "hop": 1,
      "zero_ratio_normal": 0.0,
      "zero_ratio_anomaly": 0.0,
      "non_zero_count_normal": 6837,
      "non_zero_count_anomaly": 698,
      "normal_sim_mean": 0.10912474244832993,
      "normal_sim_std": 0.2904585301876068,
      "anomaly_sim_mean": 0.09095638990402222,
      "anomaly_sim_std": 0.2612540125846863,
      "normal_direction_var": 0.0013262974098324776,
      "anomaly_direction_var": 0.0013273285003378987,
      "var_ratio": 1.0007773448248058,
      "mann_whitney_stat": 2510665.0,
      "mann_whitney_p": 0.011448685799712347,
      "significant": true
    },
    {
      "hop": 2,
      "zero_ratio_normal": 0.0,
      "zero_ratio_anomaly": 0.0,
      "non_zero_count_normal": 6837,
      "non_zero_count_anomaly": 698,
      "normal_sim_mean": 0.0849798396229744,
      "normal_sim_std": 0.24283578991889954,
      "anomaly_sim_mean": 0.06455108523368835,
      "anomaly_sim_std": 0.20237067341804504,
      "normal_direction_var": 0.0013325883774086833,
      "anomaly_direction_var": 0.001329233986325562,
      "var_ratio": 0.9974827254325023,
      "mann_whitney_stat": 2519618.0,
      "mann_whitney_p": 0.007370420042887589,
      "significant": true
    },
    {
      "hop": 3,
      "zero_ratio_normal": 0.0,
      "zero_ratio_anomaly": 0.0,
      "non_zero_count_normal": 6837,
      "non_zero_count_anomaly": 698,
      "normal_sim_mean": 0.09835389256477356,
      "normal_sim_std": 0.262768030166626,
      "anomaly_sim_mean": 0.07591334730386734,
      "anomaly_sim_std": 0.2266363948583603,
      "normal_direction_var": 0.0013292973162606359,
      "anomaly_direction_var": 0.0013251424534246325,
      "var_ratio": 0.9968743166238212,
      "mann_whitney_stat": 2542854.0,
      "mann_whitney_p": 0.0020973991935884922,
      "significant": true
    },
    {
      "hop": 4,
      "zero_ratio_normal": 0.0,
      "zero_ratio_anomaly": 0.0,
      "non_zero_count_normal": 6837,
      "non_zero_count_anomaly": 698,
      "normal_sim_mean": 0.09529035538434982,
      "normal_sim_std": 0.25458306074142456,
      "anomaly_sim_mean": 0.07111562043428421,
      "anomaly_sim_std": 0.21657073497772217,
      "normal_direction_var": 0.001330093597061932,
      "anomaly_direction_var": 0.0013246540911495686,
      "var_ratio": 0.9959103588533806,
      "mann_whitney_stat": 2544453.0,
      "mann_whitney_p": 0.001911935574513798,
      "significant": true
    },
    {
      "hop": 5,
      "zero_ratio_normal": 0.0,
      "zero_ratio_anomaly": 0.0,
      "non_zero_count_normal": 6837,
      "non_zero_count_anomaly": 698,
      "normal_sim_mean": 0.09892198443412781,
      "normal_sim_std": 0.25828081369400024,
      "anomaly_sim_mean": 0.07326973974704742,
      "anomaly_sim_std": 0.2215220183134079,
      "normal_direction_var": 0.00132914655841887,
      "anomaly_direction_var": 0.0013234748039394617,
      "var_ratio": 0.9957327098228909,
      "mann_whitney_stat": 2555049.0,
      "mann_whitney_p": 0.001014715612637932,
      "significant": true
    },
    {
      "hop": 6,
      "zero_ratio_normal": 0.0,
      "zero_ratio_anomaly": 0.0,
      "non_zero_count_normal": 6837,
      "non_zero_count_anomaly": 698,
      "normal_sim_mean": 0.09915035963058472,
      "normal_sim_std": 0.2570684552192688,
      "anomaly_sim_mean": 0.07244919240474701,
      "anomaly_sim_std": 0.21996824443340302,
      "normal_direction_var": 0.0013290861388668418,
      "anomaly_direction_var": 0.001323126838542521,
      "var_ratio": 0.9955161673110078,
      "mann_whitney_stat": 2557168.0,
      "mann_whitney_p": 0.0008902403515103934,
      "significant": true
    }
  ],
  "spearman_rho": 0.032936741833356896,
  "spearman_p": 0.004245037294895794,
  "spearman_significant": true
}