{
  "dataset": "tolokers",
  "pp_k": 6,
  "alpha": 0.1,
  "n_nodes": 11758,
  "n_normal": 9192,
  "n_anomaly": 2566,
  "n_zero_vector_nodes": 0,
  "hops": [
    {
      "hop": 1,
      "zero_ratio_normal": 0.0,
      "zero_ratio_anomaly": 0.0,
      "non_zero_count_normal": 9192,
      "non_zero_count_anomaly": 2566,
      "normal_sim_mean": 0.19214868545532227,
      "normal_sim_std": 0.6542965769767761,
      "anomaly_sim_mean": 0.16011296212673187,
      "anomaly_sim_std": 0.6646241545677185,
      "normal_direction_var": 0.1203848123550415,
      "anomaly_direction_var": 0.12066572904586792,
      "var_ratio": 1.0023334886278228,
      "mann_whitney_stat": 12182556.5,
      "mann_whitney_p": 0.0052311766194616605,
      "significant": true
    },
    {
      "hop": 2,
      "zero_ratio_normal": 0.0,
      "zero_ratio_anomaly": 0.0,
      "non_zero_count_normal": 9192,
      "non_zero_count_anomaly": 2566,
      "normal_sim_mean": 0.2782896161079407,
      "normal_sim_std": 0.7123735547065735,
      "anomaly_sim_mean": 0.28843769431114197,
      "anomaly_sim_std": 0.7196547389030457,
      "normal_direction_var": 0.11531948298215866,
      "anomaly_direction_var": 0.11326219141483307,
      "var_ratio": 0.9821600685995108,
      "mann_whitney_stat": 11466382.0,
      "mann_whitney_p": 0.9842460759952215,
      "significant": false
    },
    {
      "hop": 3,
      "zero_ratio_normal": 0.0,
      "zero_ratio_anomaly": 0.0,
      "non_zero_count_normal": 9192,
      "non_zero_count_anomaly": 2566,
      "normal_sim_mean": 0.3557957708835602,
      "normal_sim_std": 0.7118072509765625,
      "anomaly_sim_mean": 0.37322884798049927,
      "anomaly_sim_std": 0.7219240665435791,
      "normal_direction_var": 0.10917601734399796,
      "anomaly_direction_var": 0.10579493641853333,
      "var_ratio": 0.9690309181025132,
      "mann_whitney_stat": 11132946.5,
      "mann_whitney_p": 0.9999929989523352,
      "significant": false
    },
    {
      "hop": 4,
      "zero_ratio_normal": 0.0,
      "zero_ratio_anomaly": 0.0,
      "non_zero_count_normal": 9192,
      "non_zero_count_anomaly": 2566,
      "normal_sim_mean": 0.4085697829723358,
      "normal_sim_std": 0.6966693997383118,
      "anomaly_sim_mean": 0.4277152419090271,
      "anomaly_sim_std": 0.7061089873313904,
      "normal_direction_var": 0.10413423180580139,
      "anomaly_direction_var": 0.1000562459230423,
      "var_ratio": 0.9608391409037521,
      "mann_whitney_stat": 10974172.5,
      "mann_whitney_p": 0.9999999644148928,
      "significant": false
    },
    {
      "hop": 5,
      "zero_ratio_normal": 0.0,
      "zero_ratio_anomaly": 0.0,
      "non_zero_count_normal": 9192,
      "non_zero_count_anomaly": 2566,
      "normal_sim_mean": 0.4399181306362152,
      "normal_sim_std": 0.6822881102561951,
      "anomaly_sim_mean": 0.46141207218170166,
      "anomaly_sim_std": 0.6894845366477966,
      "normal_direction_var": 0.10080872476100922,
      "anomaly_direction_var": 0.09617680311203003,
      "var_ratio": 0.9540523723976722,
      "mann_whitney_stat": 10889372.5,
      "mann_whitney_p": 0.9999999986259517,
      "significant": false
    },
    {
      "hop": 6,
      "zero_ratio_normal": 0.0,
      "zero_ratio_anomaly": 0.0,
      "non_zero_count_normal": 9192,
      "non_zero_count_anomaly": 2566,
      "normal_sim_mean": 0.45828282833099365,
      "normal_sim_std": 0.6710631251335144,
      "anomaly_sim_mean": 0.4812948405742645,
      "anomaly_sim_std": 0.6770488023757935,
      "normal_direction_var": 0.09874695539474487,
      "anomaly_direction_var": 0.0937662273645401,
      "var_ratio": 0.9495606917170238,
      "mann_whitney_stat": 10844881.0,
      "mann_whitney_p": 0.9999999997792892,
      "significant": false
    }
  ],
  "spearman_rho": -0.01651462201466453,
  "spearman_p": 0.07334411591851199,
  "spearman_significant": false
}