{
  "status": "running",
  "done": 119,
  "total": 375,
  "devices": [
    0,
    1,
    2,
    3,
    4,
    5,
    6,
    7
  ],
  "variants": [
    "current",
    "old_semantic",
    "old_exact"
  ],
  "normal_ks": [
    1,
    2,
    4,
    8,
    16
  ],
  "anom_ks": [
    4,
    8,
    16,
    32,
    64
  ],
  "current": {
    "variant": "old_semantic",
    "variant_cn_name": "旧语义",
    "normal_k": 1,
    "anom_k": 4,
    "seed": 1,
    "device": 4
  },
  "completed_by_variant": {
    "current": 119,
    "old_semantic": 0,
    "old_exact": 0
  },
  "errors": [],
  "elapsed_sec": 9883.15614438057,
  "partial_best_either": [
    {
      "variant": "current",
      "variant_cn_name": "当前构造",
      "normal_k": 4,
      "anom_k": 8,
      "flatten_dim": 32,
      "num_seeds": 5,
      "mat_mean_auc": {
        "mean": 0.32218043068106333,
        "std": 0.026452432322822843,
        "min": 0.2797384766056673,
        "max": 0.35378275867481235
      },
      "neg_mat_mean_auc": {
        "mean": 0.6778195693189366,
        "std": 0.026452432322822902,
        "min": 0.6462172413251875,
        "max": 0.7202615233943328
      },
      "best_orientation_auc": {
        "mean": 0.6778195693189366,
        "std": 0.026452432322822902,
        "min": 0.6462172413251875,
        "max": 0.7202615233943328
      },
      "mat_mean_ap": {
        "mean": 0.06876114565183632,
        "std": 0.003379307662131051,
        "min": 0.06257065209664528,
        "max": 0.07213751619726619
      },
      "neg_mat_mean_ap": {
        "mean": 0.2075054671642736,
        "std": 0.035377873404132607,
        "min": 0.15123998398647026,
        "max": 0.2578771665500962
      },
      "margin_auc": {
        "mean": 0.377472259434703,
        "std": 0.05747378207592163,
        "min": 0.30422503661168493,
        "max": 0.4762762108288297
      },
      "neg_margin_auc": {
        "mean": 0.6225277405652971,
        "std": 0.05747378207592163,
        "min": 0.5237237891711704,
        "max": 0.6957749633883151
      },
      "mat_mean_minus_neg_mat_mean_auc": {
        "mean": -0.3556391386378733,
        "std": 0.05290486464564574,
        "min": -0.4405230467886655,
        "max": -0.2924344826503752
      },
      "anom_ref_anom_ratio": {
        "mean": 0.028720148612662144,
        "std": 0.011959397748047254,
        "min": 0.014364637917704665,
        "max": 0.05065340176960742
      },
      "normal_ref_anom_ratio": {
        "mean": 0.0,
        "std": 0.0,
        "min": 0.0,
        "max": 0.0
      },
      "mat_mean_degree_spearman": {
        "mean": 0.32942562605299863,
        "std": 0.05169463717224606,
        "min": 0.2423086376314894,
        "max": 0.38224030469610354
      },
      "mat_mean_margin_spearman": {
        "mean": 0.88813260627613,
        "std": 0.005591751480235782,
        "min": 0.8804187217364167,
        "max": 0.8961450571251295
      },
      "positive_orientation_wins": 0,
      "negative_orientation_wins": 5
    },
    {
      "variant": "current",
      "variant_cn_name": "当前构造",
      "normal_k": 4,
      "anom_k": 16,
      "flatten_dim": 64,
      "num_seeds": 5,
      "mat_mean_auc": {
        "mean": 0.3453450401120637,
        "std": 0.015944151061264403,
        "min": 0.31781637881880537,
        "max": 0.36343686213566456
      },
      "neg_mat_mean_auc": {
        "mean": 0.6546549598879364,
        "std": 0.01594415106126438,
        "min": 0.6365631378643355,
        "max": 0.6821836211811946
      },
      "best_orientation_auc": {
        "mean": 0.6546549598879364,
        "std": 0.01594415106126438,
        "min": 0.6365631378643355,
        "max": 0.6821836211811946
      },
      "mat_mean_ap": {
        "mean": 0.07112176298310716,
        "std": 0.0030055555015330113,
        "min": 0.06592493889834389,
        "max": 0.0742712758195741
      },
      "neg_mat_mean_ap": {
        "mean": 0.19623083696609916,
        "std": 0.03173607751138611,
        "min": 0.1452762903308704,
        "max": 0.23640654293051583
      },
      "margin_auc": {
        "mean": 0.3731898031347101,
        "std": 0.023655957300737204,
        "min": 0.34359541250884096,
        "max": 0.4161788533043845
      },
      "neg_margin_auc": {
        "mean": 0.6268101968652898,
        "std": 0.023655957300737225,
        "min": 0.5838211466956155,
        "max": 0.656404587491159
      },
      "mat_mean_minus_neg_mat_mean_auc": {
        "mean": -0.3093099197758727,
        "std": 0.031888302122528786,
        "min": -0.3643672423623892,
        "max": -0.27312627572867093
      },
      "anom_ref_anom_ratio": {
        "mean": 0.02591782278154798,
        "std": 0.007868280323437815,
        "min": 0.016992741173438707,
        "max": 0.037753146207370504
      },
      "normal_ref_anom_ratio": {
        "mean": 0.0,
        "std": 0.0,
        "min": 0.0,
        "max": 0.0
      },
      "mat_mean_degree_spearman": {
        "mean": 0.33110220999594914,
        "std": 0.045641205474622325,
        "min": 0.2685411238098525,
        "max": 0.40404811751765096
      },
      "mat_mean_margin_spearman": {
        "mean": 0.8890021054944567,
        "std": 0.02001683294910178,
        "min": 0.853286547911547,
        "max": 0.9105372833682555
      },
      "positive_orientation_wins": 0,
      "negative_orientation_wins": 5
    },
    {
      "variant": "current",
      "variant_cn_name": "当前构造",
      "normal_k": 2,
      "anom_k": 4,
      "flatten_dim": 8,
      "num_seeds": 5,
      "mat_mean_auc": {
        "mean": 0.35133833390603153,
        "std": 0.04025434174321477,
        "min": 0.3176172745807821,
        "max": 0.4103436226492301
      },
      "neg_mat_mean_auc": {
        "mean": 0.6486616660939685,
        "std": 0.04025434174321476,
        "min": 0.5896563773507699,
        "max": 0.682382725419218
      },
      "best_orientation_auc": {
        "mean": 0.6486616660939685,
        "std": 0.04025434174321476,
        "min": 0.5896563773507699,
        "max": 0.682382725419218
      },
      "mat_mean_ap": {
        "mean": 0.0733845112551475,
        "std": 0.005220300592764319,
        "min": 0.06811735917452537,
        "max": 0.08173893910584709
      },
      "neg_mat_mean_ap": {
        "mean": 0.20331109000159495,
        "std": 0.06387350444850035,
        "min": 0.12293800125057829,
        "max": 0.30952008899953487
      },
      "margin_auc": {
        "mean": 0.3800947147460333,
        "std": 0.05085099181704886,
        "min": 0.32181866049058266,
        "max": 0.4588095488102588
      },
      "neg_margin_auc": {
        "mean": 0.6199052852539667,
        "std": 0.05085099181704886,
        "min": 0.5411904511897412,
        "max": 0.6781813395094174
      },
      "mat_mean_minus_neg_mat_mean_auc": {
        "mean": -0.29732333218793694,
        "std": 0.08050868348642952,
        "min": -0.36476545083843587,
        "max": -0.17931275470153984
      },
      "anom_ref_anom_ratio": {
        "mean": 0.032171849497465856,
        "std": 0.022584734986489986,
        "min": 0.014807576668671076,
        "max": 0.07618546516622283
      },
      "normal_ref_anom_ratio": {
        "mean": 0.0,
        "std": 0.0,
        "min": 0.0,
        "max": 0.0
      },
      "mat_mean_degree_spearman": {
        "mean": 0.29461273699487406,
        "std": 0.03602276343245441,
        "min": 0.24412281247874276,
        "max": 0.3535831466547296
      },
      "mat_mean_margin_spearman": {
        "mean": 0.8854991650818326,
        "std": 0.018542550202265615,
        "min": 0.8615063132390358,
        "max": 0.9091808781459114
      },
      "positive_orientation_wins": 0,
      "negative_orientation_wins": 5
    },
    {
      "variant": "current",
      "variant_cn_name": "当前构造",
      "normal_k": 2,
      "anom_k": 16,
      "flatten_dim": 32,
      "num_seeds": 5,
      "mat_mean_auc": {
        "mean": 0.3544289078972028,
        "std": 0.03171392629480054,
        "min": 0.2994047467037876,