{
  "status": "finished",
  "done": 5,
  "total": 5,
  "devices": [
    0,
    1,
    2,
    3,
    4
  ],
  "elapsed_sec": 89.62347555160522,
  "results_summary": [
    {
      "variant": "old_exact_080_regime",
      "aggregate": {
        "n_rows": 5,
        "best_auc": {
          "mean": 0.8008999577928314,
          "std": 0.00799728997463421,
          "min": 0.7875669814210483,
          "max": 0.8110050270738266
        },
        "winner_counts": {
          "row_mean_min": 2,
          "mat_mean": 2,
          "mat_q25": 1
        },
        "winner_family_counts": {
          "row_normal_anchor": 2,
          "scalar_matrix_summary": 3
        },
        "reference_anom_ratio": {
          "mean": 0.10935620865904991,
          "std": 0.000851573570266189,
          "min": 0.10769049050768835,
          "max": 0.1100769908083498
        },
        "best_spearman_with_margin": {
          "mean": 0.6312285347065906,
          "std": 0.07288292874548113,
          "min": 0.5408392459241899,
          "max": 0.7148803106312024
        },
        "best_top5_jaccard_with_margin": {
          "mean": 0.5292371225487301,
          "std": 0.0761353041742396,
          "min": 0.38969201759899436,
          "max": 0.5963898916967509
        },
        "best_with_degree_abs": {
          "mean": 0.07134146296354818,
          "std": 0.02384159600033648,
          "min": 0.04668309158377582,
          "max": 0.10910003238492406
        },
        "family_best_auc": {
          "centroid_margin": {
            "mean": 0.7828274888273208,
            "std": 0.009167336696012038,
            "min": 0.7677987311776312,
            "max": 0.7949569187460691
          },
          "column_anomaly_reference": {
            "mean": 0.7649376223648838,
            "std": 0.004361174614668753,
            "min": 0.759237767197271,
            "max": 0.7712328811957547
          },
          "entry_normal_manifold": {
            "mean": 0.740477081241843,
            "std": 0.029125512078368297,
            "min": 0.6878143558501124,
            "max": 0.7735827772422416
          },
          "proxy_diagnostic": {
            "mean": 0.32934188228485867,
            "std": 0.0010925367736674093,
            "min": 0.3281159552326315,
            "max": 0.33101822153059246
          },
          "row_normal_anchor": {
            "mean": 0.7892874903571618,
            "std": 0.016373004146541106,
            "min": 0.7668066903507503,
            "max": 0.8110050270738266
          },
          "scalar_matrix_summary": {
            "mean": 0.7985063203270389,
            "std": 0.0061930644250657065,
            "min": 0.7875669814210483,
            "max": 0.806712620213657
          }
        },
        "decision": "SIMPLE_SCALAR_SUMMARY_STILL_DOMINATES"
      }
    }
  ],
  "errors": []
}