{
  "status": "finished",
  "done": 80,
  "total": 80,
  "elapsed_sec": 12930.589281082153,
  "out": "experiments/outputs/route25_ref_length_mat_mean_scan.json",
  "best_either_orientation_pair": {
    "normal_k": 2,
    "anom_k": 4,
    "flatten_dim": 8,
    "num_seeds": 5,
    "mat_mean_auc": {
      "mean": 0.33340122818050333,
      "std": 0.029311404404783924,
      "min": 0.2900692624905444,
      "max": 0.3671858415367237
    },
    "neg_mat_mean_auc": {
      "mean": 0.6665987718194967,
      "std": 0.029311404404783935,
      "min": 0.6328141584632764,
      "max": 0.7099307375094557
    },
    "mat_mean_ap": {
      "mean": 0.06982495625468928,
      "std": 0.001905182729777433,
      "min": 0.0675271768724259,
      "max": 0.0723127030639842
    },
    "neg_mat_mean_ap": {
      "mean": 0.23409628771093582,
      "std": 0.06303739835505956,
      "min": 0.12693695732850846,
      "max": 0.3174297615387647
    },
    "mat_mean_minus_neg_mat_mean_auc": {
      "mean": -0.3331975436389933,
      "std": 0.058622808809567856,
      "min": -0.4198614750189113,
      "max": -0.2656283169265527
    },
    "anom_ref_anom_ratio": {
      "mean": 0.03450949231165708,
      "std": 0.021453648734602326,
      "min": 0.014807576668671076,
      "max": 0.07618546516622283
    },
    "mat_mean_degree_spearman": {
      "mean": 0.2685698585604675,
      "std": 0.032994109900802884,
      "min": 0.2179643988062384,
      "max": 0.3121525741443146
    },
    "negative_orientation_wins": 5
  }
}