{
  "meta": {
    "dataset": "elliptic",
    "n": 46564,
    "feature_dim": 93,
    "hop_token_dim": 279,
    "normal_train": 2095,
    "anomaly_rate": 0.09760759384932566
  },
  "scores": {
    "hop_pca_rec": {
      "metrics": {
        "auc": 0.24385462797213822,
        "ap": 0.06049191585545914,
        "top16_density": 0.0,
        "top32_density": 0.0,
        "top64_density": 0.015625,
        "top128_density": 0.03125,
        "top256_density": 0.0390625,
        "top512_density": 0.0390625
      },
      "meta": {
        "components": 64,
        "explained_variance_ratio_sum": 0.9920048713684082
      }
    },
    "hop_diag_mahal": {
      "metrics": {
        "auc": 0.25183380162429014,
        "ap": 0.0611430720779428,
        "top16_density": 0.0,
        "top32_density": 0.0,
        "top64_density": 0.0,
        "top128_density": 0.0078125,
        "top256_density": 0.03515625,
        "top512_density": 0.025390625
      },
      "meta": {}
    },
    "ego_struct_dev": {
      "metrics": {
        "auc": 0.6089172793144995,
        "ap": 0.16055663972417006,
        "top16_density": 0.0,
        "top32_density": 0.0,
        "top64_density": 0.015625,
        "top128_density": 0.03125,
        "top256_density": 0.0234375,
        "top512_density": 0.025390625
      },
      "meta": {
        "stats": [
          "log_degree",
          "log_2hop_degree",
          "neighbor_residual",
          "neighbor_variance"
        ]
      }
    },
    "min_hop_pca_ego": {
      "metrics": {
        "auc": 0.29369770671348294,
        "ap": 0.06381221945859716,
        "top16_density": 0.0,
        "top32_density": 0.0,
        "top64_density": 0.03125,
        "top128_density": 0.046875,
        "top256_density": 0.03515625,
        "top512_density": 0.025390625
      },
      "meta": {
        "combine": "min(percentile(hop_pca), percentile(ego_struct))"
      }
    },
    "prod_hop_pca_ego": {
      "metrics": {
        "auc": 0.3168482061562019,
        "ap": 0.06568874252787774,
        "top16_density": 0.0,
        "top32_density": 0.0,
        "top64_density": 0.03125,
        "top128_density": 0.046875,
        "top256_density": 0.03515625,
        "top512_density": 0.02734375
      },
      "meta": {
        "combine": "product(percentile(hop_pca), percentile(ego_struct))"
      }
    }
  },
  "elapsed_sec": 1.1771743297576904
}