{
  "dataset": "Photo",
  "timestamp": "2026-04-01T16:20:12.446482",
  "comparison": {
    "CAA_convergence_score_KS": 0.23627875125779876,
    "Delta_direction_change_KS": 0.2839633328346143,
    "Delta_norm_KS": 0.24520492812648298
  },
  "detail": {
    "convergence_ks": [
      0.14883201256604361,
      0.2285503662232258,
      0.2703444891335825,
      0.26201462378353413,
      0.27165226458260777
    ],
    "direction_ks": [
      0.11681592615270106,
      0.24545191279708883,
      0.31143872901241476,
      0.35855468705798926,
      0.3875554091528775
    ],
    "delta_norm_ks": [
      0.11056307894890141,
      0.20677499347264777,
      0.26940635250719475,
      0.30474122558319744,
      0.30611039795684447,
      0.273633520290112
    ]
  }
}