{
  "data": "/root/gpufree-data/linziyao/VecGAD/dataset/elliptic.mat",
  "train_rate": 0.05,
  "alpha": 0.05,
  "seed": 4,
  "n_train_normal": 2328,
  "score_probe": {
    "auc_using_negative_score_as_anomaly": 0.2223016509033278,
    "ap_using_negative_score_as_anomaly": 0.05870276340836721,
    "ks_stat": 0.49332233301866085,
    "ks_pvalue": 0.0,
    "normal_score_mean": 0.1538142862364048,
    "anomaly_score_mean": 0.27352456120706176,
    "alignment_normal_mean": 0.3634793382407534,
    "alignment_anomaly_mean": 0.590517097421673,
    "residual_normal_mean": 0.0558507657679438,
    "residual_anomaly_mean": 0.04346797500754943
  },
  "topk_probe": {
    "normal_topk_normal_ratio": 0.9375,
    "anomaly_topk_anomaly_ratio": 0.0,
    "normal_topk_indices": [
      40299,
      4915,
      36204,
      40674,
      16766,
      35545,
      42317,
      35532,
      39675,
      28191,
      37657,
      41786,
      24625,
      32885,
      27650,
      14669,
      35625,
      26255,
      474,
      36715,
      32748,
      30865,
      32038,
      29041,
      32100,
      35279,
      21544,
      19242,
      4510,
      42498,
      27111,
      31957
    ],
    "anomaly_topk_indices": [
      33859,
      26385,
      32341,
      24927,
      13905,
      23582,
      33640,
      36265,
      44534,
      22663,
      44740,
      13763,
      3991,
      40021,
      968,
      37778,
      6260,
      34517,
      17996,
      34177,
      18326,
      33034,
      3041,
      35634,
      36661,
      6501,
      6913,
      10033,
      26071,
      46158,
      40436,
      13136
    ]
  }
}