{
  "data": "/root/gpufree-data/linziyao/VecGAD/dataset/elliptic.mat",
  "train_rate": 0.05,
  "alpha": 0.05,
  "seed": 2,
  "n_train_normal": 2328,
  "score_probe": {
    "auc_using_negative_score_as_anomaly": 0.22441136233854708,
    "ap_using_negative_score_as_anomaly": 0.05893979107110589,
    "ks_stat": 0.4796040274200437,
    "ks_pvalue": 0.0,
    "normal_score_mean": 0.15369016455708226,
    "anomaly_score_mean": 0.27322667752425184,
    "alignment_normal_mean": 0.36320371752343344,
    "alignment_anomaly_mean": 0.5957415071841596,
    "residual_normal_mean": 0.05582338840926893,
    "residual_anomaly_mean": 0.04928815213565592
  },
  "topk_probe": {
    "normal_topk_normal_ratio": 0.84375,
    "anomaly_topk_anomaly_ratio": 0.0,
    "normal_topk_indices": [
      36204,
      16766,
      26374,
      35625,
      29041,
      24625,
      26255,
      35545,
      35113,
      35230,
      45162,
      24385,
      35532,
      42494,
      28857,
      37657,
      41866,
      42825,
      23340,
      39675,
      30866,
      17562,
      32885,
      40170,
      32748,
      40268,
      43634,
      43452,
      41042,
      39050,
      43845,
      39212
    ],
    "anomaly_topk_indices": [
      4077,
      32341,
      13905,
      33859,
      23327,
      968,
      6913,
      26385,
      14626,
      23582,
      3991,
      13763,
      24269,
      22663,
      4583,
      44534,
      42847,
      33640,
      33034,
      19305,
      12327,
      45712,
      6260,
      44671,
      12466,
      27174,
      12992,
      18326,
      17594,
      44220,
      39269,
      3041
    ]
  }
}