{
  "data": "/root/gpufree-data/linziyao/VecGAD/dataset/elliptic.mat",
  "anom_rate": 0.09760759384932566,
  "baseline_support": {
    "top16": 0.3125,
    "top32": 0.34375,
    "top64": 0.265625,
    "top128": 0.296875,
    "top256": 0.27734375
  },
  "rerank": {
    "64": {
      "center_dev": {
        "top16": 0.5,
        "top32": 0.5,
        "top64": 0.265625
      },
      "density_dev": {
        "top16": 0.3125,
        "top32": 0.375,
        "top64": 0.265625
      },
      "attr_dev": {
        "top16": 0.25,
        "top32": 0.40625,
        "top64": 0.265625
      },
      "rank_center_x_support": {
        "top16": 0.5,
        "top32": 0.5,
        "top64": 0.265625
      },
      "rank_density_x_support": {
        "top16": 0.3125,
        "top32": 0.34375,
        "top64": 0.265625
      },
      "rank_attr_x_support": {
        "top16": 0.25,
        "top32": 0.40625,
        "top64": 0.265625
      }
    },
    "128": {
      "center_dev": {
        "top16": 0.4375,
        "top32": 0.5625,
        "top64": 0.5625,
        "top128": 0.296875
      },
      "density_dev": {
        "top16": 0.1875,
        "top32": 0.21875,
        "top64": 0.3125,
        "top128": 0.296875
      },
      "attr_dev": {
        "top16": 0.1875,
        "top32": 0.15625,
        "top64": 0.359375,
        "top128": 0.296875
      },
      "rank_center_x_support": {
        "top16": 0.4375,
        "top32": 0.5625,
        "top64": 0.5625,
        "top128": 0.296875
      },
      "rank_density_x_support": {
        "top16": 0.1875,
        "top32": 0.21875,
        "top64": 0.296875,
        "top128": 0.296875
      },
      "rank_attr_x_support": {
        "top16": 0.1875,
        "top32": 0.15625,
        "top64": 0.34375,
        "top128": 0.296875
      }
    },
    "256": {
      "center_dev": {
        "top16": 0.4375,
        "top32": 0.28125,
        "top64": 0.421875,
        "top128": 0.5390625,
        "top256": 0.27734375
      },
      "density_dev": {
        "top16": 0.1875,
        "top32": 0.1875,
        "top64": 0.21875,
        "top128": 0.3125,
        "top256": 0.27734375
      },
      "attr_dev": {
        "top16": 0.1875,
        "top32": 0.1875,
        "top64": 0.140625,
        "top128": 0.3671875,
        "top256": 0.27734375
      },
      "rank_center_x_support": {
        "top16": 0.4375,
        "top32": 0.28125,
        "top64": 0.421875,
        "top128": 0.5390625,
        "top256": 0.27734375
      },
      "rank_density_x_support": {
        "top16": 0.1875,
        "top32": 0.1875,
        "top64": 0.21875,
        "top128": 0.3046875,
        "top256": 0.27734375
      },
      "rank_attr_x_support": {
        "top16": 0.1875,
        "top32": 0.1875,
        "top64": 0.140625,
        "top128": 0.359375,
        "top256": 0.27734375
      }
    },
    "512": {
      "center_dev": {
        "top16": 0.125,
        "top32": 0.28125,
        "top64": 0.234375,
        "top128": 0.28125,
        "top256": 0.4140625
      },
      "density_dev": {
        "top16": 0.125,
        "top32": 0.125,
        "top64": 0.1875,
        "top128": 0.171875,
        "top256": 0.3203125
      },
      "attr_dev": {
        "top16": 0.125,
        "top32": 0.125,
        "top64": 0.125,
        "top128": 0.125,
        "top256": 0.34375
      },
      "rank_center_x_support": {
        "top16": 0.125,
        "top32": 0.28125,
        "top64": 0.234375,
        "top128": 0.28125,
        "top256": 0.4140625
      },
      "rank_density_x_support": {
        "top16": 0.125,
        "top32": 0.125,
        "top64": 0.1875,
        "top128": 0.171875,
        "top256": 0.31640625
      },
      "rank_attr_x_support": {
        "top16": 0.125,
        "top32": 0.125,
        "top64": 0.125,
        "top128": 0.125,
        "top256": 0.34375
      }
    },
    "1024": {
      "center_dev": {
        "top16": 0.0625,
        "top32": 0.09375,
        "top64": 0.21875,
        "top128": 0.25,
        "top256": 0.265625
      },
      "density_dev": {
        "top16": 0.125,
        "top32": 0.125,
        "top64": 0.140625,
        "top128": 0.1796875,
        "top256": 0.15625
      },
      "attr_dev": {
        "top16": 0.25,
        "top32": 0.125,
        "top64": 0.09375,
        "top128": 0.1015625,
        "top256": 0.11328125
      },
      "rank_center_x_support": {
        "top16": 0.0625,
        "top32": 0.09375,
        "top64": 0.21875,
        "top128": 0.25,
        "top256": 0.265625
      },
      "rank_density_x_support": {
        "top16": 0.125,
        "top32": 0.125,
        "top64": 0.140625,
        "top128": 0.1796875,
        "top256": 0.15625
      },
      "rank_attr_x_support": {
        "top16": 0.25,
        "top32": 0.125,
        "top64": 0.09375,
        "top128": 0.1015625,
        "top256": 0.11328125
      }
    }
  }
}