{
  "data": "/root/gpufree-data/linziyao/VecGAD/dataset/elliptic.mat",
  "k": 6,
  "topm": 256,
  "topk": 32,
  "self_weight": 0.25,
  "single_stage": {
    "topk_anomaly_ratio": 0.1875,
    "indices": [
      33108,
      33064,
      32972,
      33282,
      33107,
      36257,
      38400,
      8805,
      38265,
      38264,
      38263,
      8796,
      8799,
      27556,
      19618,
      38258,
      8802,
      27559,
      38267,
      27560,
      8808,
      27561,
      16734,
      8814,
      30099,
      8822,
      8825,
      27555,
      38268,
      32328,
      38269,
      19624
    ]
  },
  "two_stage": {
    "topk_anomaly_ratio": 0.21875,
    "indices": [
      27661,
      38237,
      27546,
      38225,
      38226,
      14358,
      8857,
      8856,
      27566,
      38231,
      27564,
      8852,
      8851,
      14366,
      38236,
      38238,
      8891,
      14367,
      8847,
      8845,
      8840,
      32349,
      38224,
      27562,
      8860,
      19611,
      8898,
      38196,
      8894,
      32358,
      38290,
      38291
    ]
  },
  "delta": 0.03125
}