{
  "data": "/root/gpufree-data/linziyao/VecGAD/dataset/elliptic.mat",
  "k": 6,
  "score_eval_assume_anomaly_high": {
    "auc": 0.5701430787073091,
    "ap": 0.14482855140065917,
    "normal_mean": -0.6885420083999634,
    "anomaly_mean": -0.4990939795970917,
    "difference": 0.1894480288028717,
    "ks_stat": 0.24692082954457895,
    "ks_pvalue": 1.0422848328907048e-220,
    "anomaly_high": true
  },
  "score_eval_assume_anomaly_low": {
    "auc": 0.42985692129269093,
    "ap": 0.10399681156850274,
    "normal_mean": -0.6885420083999634,
    "anomaly_mean": -0.4990939795970917,
    "difference": 0.1894480288028717,
    "ks_stat": 0.24692082954457895,
    "ks_pvalue": 1.0422848328907048e-220,
    "anomaly_high": false
  },
  "topk_assume_anomaly_high": {
    "normal_topk_normal_ratio": 0.90625,
    "anomaly_topk_anomaly_ratio": 0.0,
    "normal_topk_indices": [
      26947,
      2235,
      25748,
      6116,
      6115,
      37700,
      37696,
      2242,
      2243,
      37680,
      6103,
      37673,
      37672,
      37664,
      37653,
      25784,
      25785,
      25786,
      6083,
      6082,
      2258,
      6078,
      2234,
      25747,
      25745,
      6138,
      6209,
      25596,
      37816,
      37813,
      25597,
      25603
    ],
    "anomaly_topk_indices": [
      21,
      36257,
      23228,
      33064,
      1561,
      33107,
      20018,
      43496,
      1172,
      21814,
      23254,
      46471,
      31693,
      42749,
      1560,
      19729,
      33282,
      28498,
      28037,
      45914,
      37574,
      26750,
      25326,
      1343,
      20048,
      33108,
      13070,
      45971,
      43656,
      33399,
      32972,
      577
    ]
  },
  "topk_assume_anomaly_low": {
    "normal_topk_normal_ratio": 1.0,
    "anomaly_topk_anomaly_ratio": 0.09375,
    "normal_topk_indices": [
      21,
      36257,
      23228,
      33064,
      1561,
      33107,
      20018,
      43496,
      1172,
      21814,
      23254,
      46471,
      31693,
      42749,
      1560,
      19729,
      33282,
      28498,
      28037,
      45914,
      37574,
      26750,
      25326,
      1343,
      20048,
      33108,
      13070,
      45971,
      43656,
      33399,
      32972,
      577
    ],
    "anomaly_topk_indices": [
      26947,
      2235,
      25748,
      6116,
      6115,
      37700,
      37696,
      2242,
      2243,
      37680,
      6103,
      37673,
      37672,
      37664,
      37653,
      25784,
      25785,
      25786,
      6083,
      6082,
      2258,
      6078,
      2234,
      25747,
      25745,
      6138,
      6209,
      25596,
      37816,
      37813,
      25597,
      25603
    ]
  }
}