{
  "data": "/root/gpufree-data/linziyao/VecGAD/dataset/elliptic.mat",
  "train_rate": 0.05,
  "alpha": 0.05,
  "seed": 1,
  "n_train_normal": 2328,
  "score_probe": {
    "auc_using_negative_score_as_anomaly": 0.22227610847426638,
    "ap_using_negative_score_as_anomaly": 0.05877662689461901,
    "ks_stat": 0.4930295166645106,
    "ks_pvalue": 0.0,
    "normal_score_mean": 0.15353272854237035,
    "anomaly_score_mean": 0.27257371077610637,
    "alignment_normal_mean": 0.3631531152962547,
    "alignment_anomaly_mean": 0.5885555772840734,
    "residual_normal_mean": 0.056087658211514055,
    "residual_anomaly_mean": 0.04340815573186067
  },
  "topk_probe": {
    "normal_topk_normal_ratio": 0.84375,
    "anomaly_topk_anomaly_ratio": 0.03125,
    "normal_topk_indices": [
      40299,
      45186,
      4915,
      24302,
      35625,
      16766,
      43650,
      26255,
      36204,
      35545,
      27650,
      32885,
      25130,
      32748,
      34925,
      35246,
      34986,
      24625,
      4510,
      474,
      28857,
      41866,
      29041,
      35532,
      41786,
      40170,
      37657,
      14669,
      42825,
      27111,
      16713,
      36715
    ],
    "anomaly_topk_indices": [
      6913,
      40021,
      2871,
      21038,
      17996,
      26385,
      17594,
      6898,
      18326,
      1442,
      44534,
      33859,
      43060,
      36265,
      45712,
      15989,
      8602,
      7627,
      41957,
      16895,
      23327,
      24269,
      36818,
      8866,
      32341,
      19305,
      968,
      18911,
      3991,
      13136,
      17031,
      14626
    ]
  }
}