{
  "data": "/root/gpufree-data/linziyao/VecGAD/dataset/elliptic.mat",
  "train_rate": 0.05,
  "alpha": 0.05,
  "seed": 3,
  "n_train_normal": 2328,
  "score_probe": {
    "auc_using_negative_score_as_anomaly": 0.23807723736270908,
    "ap_using_negative_score_as_anomaly": 0.06036502308766381,
    "ks_stat": 0.465178252040678,
    "ks_pvalue": 0.0,
    "normal_score_mean": 0.15327285278104422,
    "anomaly_score_mean": 0.2687600438971514,
    "alignment_normal_mean": 0.36330970093226367,
    "alignment_anomaly_mean": 0.5901650270539901,
    "residual_normal_mean": 0.056763995370175256,
    "residual_anomaly_mean": 0.05264493925968745
  },
  "topk_probe": {
    "normal_topk_normal_ratio": 0.9375,
    "anomaly_topk_anomaly_ratio": 0.0625,
    "normal_topk_indices": [
      36204,
      16766,
      32748,
      39675,
      35545,
      4915,
      37657,
      35625,
      32885,
      14669,
      24625,
      35532,
      474,
      26255,
      32100,
      23838,
      30865,
      16713,
      28460,
      27111,
      29041,
      36715,
      32558,
      41866,
      37655,
      32038,
      41786,
      35279,
      45162,
      21544,
      6030,
      42825
    ],
    "anomaly_topk_indices": [
      7929,
      8170,
      10369,
      5757,
      26385,
      14626,
      44534,
      17594,
      3991,
      32341,
      18876,
      19305,
      36265,
      39778,
      33034,
      21038,
      7627,
      13136,
      33859,
      12255,
      25266,
      4583,
      41464,
      22663,
      1442,
      16234,
      6260,
      12327,
      33640,
      23582,
      35634,
      3517
    ]
  }
}