{
  "data": "/root/gpufree-data/linziyao/VecGAD/dataset/elliptic.mat",
  "k": 6,
  "topm": 64,
  "topk": 64,
  "self_weight": 0.25,
  "single_stage": {
    "topk_anomaly_ratio": 0.15625,
    "indices": [
      33108,
      33064,
      32972,
      33282,
      33107,
      36257,
      38400,
      8805,
      38265,
      38264,
      38263,
      8796,
      8799,
      27556,
      19618,
      38258,
      8802,
      27559,
      38267,
      27560,
      8808,
      27561,
      16734,
      8814,
      30099,
      8822,
      8825,
      27555,
      38268,
      32328,
      38269,
      19624,
      38401,
      8781,
      14372,
      14368,
      38284,
      8784,
      8786,
      38281,
      38280,
      8787,
      27549,
      8791,
      8792,
      27553,
      38273,
      38272,
      27554,
      38270,
      8826,
      38402,
      38403,
      8861,
      8864,
      27571,
      8868,
      14356,
      14354,
      8871,
      8872,
      8873,
      8879,
      14351
    ]
  },
  "two_stage": {
    "topk_anomaly_ratio": 0.15625,
    "indices": [
      14351,
      27560,
      8879,
      38269,
      32328,
      38268,
      27555,
      8825,
      8822,
      30099,
      8814,
      16734,
      27561,
      8808,
      38267,
      8781,
      27559,
      8802,
      38258,
      19618,
      27556,
      8799,
      8796,
      38263,
      38264,
      38265,
      8805,
      38400,
      38401,
      19624,
      14372,
      38270,
      8873,
      8872,
      8871,
      14354,
      14356,
      8868,
      27571,
      8864,
      8861,
      38403,
      14368,
      8826,
      38402,
      27554,
      8787,
      38284,
      8784,
      8786,
      38272,
      38280,
      38281,
      27549,
      8791,
      8792,
      27553,
      38273,
      33108,
      33107,
      33064,
      32972,
      33282,
      36257
    ]
  },
  "delta": 0.0
}