{
  "data": "/root/gpufree-data/linziyao/VecGAD/dataset/elliptic.mat",
  "k": 6,
  "base_ndc": {
    "auc": 0.5701430787073091,
    "ap": 0.14482855140065917,
    "normal_mean": -0.6885420083999634,
    "anomaly_mean": -0.4990939795970917,
    "difference": 0.1894480288028717,
    "ks_stat": 0.24692082954457895,
    "ks_pvalue": 1.0422848328907048e-220
  },
  "ndc_prior_q": {
    "auc": 0.5701430708529336,
    "ap": 0.14482879239275806,
    "normal_mean": 0.4745037257671356,
    "anomaly_mean": 0.5761788487434387,
    "difference": 0.1016751229763031,
    "ks_stat": 0.24692082954457895,
    "ks_pvalue": 1.0422848328907048e-220
  },
  "ndc_cluster_score": {
    "auc": 0.5716246050460017,
    "ap": 0.1458316752129168,
    "normal_mean": 0.4656868875026703,
    "anomaly_mean": 0.5742170214653015,
    "difference": 0.10853013396263123,
    "ks_stat": 0.2487834318546922,
    "ks_pvalue": 4.307815588960357e-224
  },
  "topk_base_ndc": {
    "topk_anomaly_ratio": 0.0,
    "topk_indices": [
      21,
      36257,
      23228,
      33064,
      1561,
      33107,
      20018,
      43496,
      1172,
      21814,
      23254,
      46471,
      31693,
      42749,
      1560,
      19729,
      33282,
      28498,
      28037,
      45914,
      37574,
      26750,
      25326,
      1343,
      20048,
      33108,
      13070,
      45971,
      43656,
      33399,
      32972,
      577
    ]
  },
  "topk_ndc_cluster": {
    "topk_anomaly_ratio": 0.1875,
    "topk_indices": [
      33064,
      33108,
      33107,
      33282,
      36257,
      32972,
      33399,
      33439,
      37563,
      12277,
      12276,
      37568,
      12273,
      37566,
      12272,
      4766,
      37561,
      37576,
      12269,
      37558,
      37557,
      12268,
      37554,
      26039,
      12264,
      12262,
      12261,
      37575,
      26019,
      12280,
      12289,
      4753
    ]
  }
}