{
  "data": "/root/gpufree-data/linziyao/VecGAD/dataset/elliptic.mat",
  "k": 6,
  "topm": 64,
  "topk": 32,
  "self_weight": 0.25,
  "single_stage": {
    "topk_anomaly_ratio": 0.1875,
    "indices": [
      33108,
      33064,
      32972,
      33282,
      33107,
      36257,
      38400,
      8805,
      38265,
      38264,
      38263,
      8796,
      8799,
      27556,
      19618,
      38258,
      8802,
      27559,
      38267,
      27560,
      8808,
      27561,
      16734,
      8814,
      30099,
      8822,
      8825,
      27555,
      38268,
      32328,
      38269,
      19624
    ]
  },
  "two_stage": {
    "topk_anomaly_ratio": 0.21875,
    "indices": [
      14351,
      27560,
      8879,
      38269,
      32328,
      38268,
      27555,
      8825,
      8822,
      30099,
      8814,
      16734,
      27561,
      8808,
      38267,
      8781,
      27559,
      8802,
      38258,
      19618,
      27556,
      8799,
      8796,
      38263,
      38264,
      38265,
      8805,
      38400,
      38401,
      19624,
      14372,
      38270
    ]
  },
  "delta": 0.03125
}