{
  "data": "/root/gpufree-data/linziyao/VecGAD/dataset/elliptic.mat",
  "train_rate": 0.05,
  "alpha": 0.05,
  "seed": 0,
  "n_train_normal": 2328,
  "score_probe": {
    "auc_using_negative_score_as_anomaly": 0.22318702752495198,
    "ap_using_negative_score_as_anomaly": 0.05879400816662069,
    "ks_stat": 0.4806478948663566,
    "ks_pvalue": 0.0,
    "normal_score_mean": 0.15287297891035337,
    "anomaly_score_mean": 0.27474373772081545,
    "alignment_normal_mean": 0.3633359204280511,
    "alignment_anomaly_mean": 0.5969250078459434,
    "residual_normal_mean": 0.05758996260734437,
    "residual_anomaly_mean": 0.047437532404312546
  },
  "topk_probe": {
    "normal_topk_normal_ratio": 0.96875,
    "anomaly_topk_anomaly_ratio": 0.03125,
    "normal_topk_indices": [
      36204,
      16766,
      35545,
      4915,
      35625,
      39675,
      37657,
      35532,
      14669,
      26255,
      32748,
      6070,
      32885,
      42307,
      28857,
      42498,
      24625,
      16713,
      36715,
      41866,
      29041,
      474,
      40170,
      32100,
      41786,
      27111,
      42825,
      45162,
      39050,
      39212,
      38508,
      21544
    ],
    "anomaly_topk_indices": [
      40021,
      44534,
      32341,
      3991,
      26385,
      6913,
      17996,
      18326,
      23327,
      13136,
      39897,
      39269,
      8866,
      12466,
      43244,
      19305,
      45163,
      3041,
      25827,
      24269,
      6260,
      8914,
      6898,
      40014,
      20815,
      19006,
      42888,
      45473,
      36818,
      22663,
      33859,
      45076
    ]
  }
}