{
  "data": "/root/gpufree-data/linziyao/VoxG/dataset/photo.mat",
  "k": 6,
  "topm": 128,
  "topk": 64,
  "self_weight": 0.25,
  "single_stage": {
    "topk_anomaly_ratio": 0.03125,
    "indices": [
      747,
      7190,
      1173,
      4765,
      5613,
      2116,
      2598,
      603,
      3306,
      2860,
      2793,
      2630,
      4080,
      2838,
      2345,
      6533,
      5853,
      4346,
      3175,
      3410,
      1540,
      4799,
      4353,
      5003,
      962,
      6334,
      3037,
      3002,
      6463,
      4722,
      1411,
      7493,
      6452,
      5302,
      5789,
      7198,
      3831,
      7215,
      4518,
      759,
      6026,
      3392,
      1556,
      3040,
      3006,
      6120,
      5440,
      301,
      2425,
      5378,
      566,
      5713,
      2038,
      543,
      1399,
      2940,
      5646,
      2893,
      912,
      991,
      6570,
      3406,
      1182,
      1056
    ]
  },
  "two_stage": {
    "topk_anomaly_ratio": 0.078125,
    "indices": [
      4722,
      1173,
      7190,
      603,
      2893,
      5142,
      3002,
      4799,
      566,
      4080,
      4346,
      962,
      6026,
      1626,
      747,
      6268,
      1285,
      5853,
      991,
      4353,
      2838,
      2598,
      4526,
      7229,
      1399,
      2860,
      178,
      4124,
      3881,
      3965,
      4765,
      5613,
      6920,
      7501,
      6570,
      2116,
      543,
      6261,
      759,
      4999,
      3306,
      5296,
      1497,
      7367,
      3008,
      2353,
      1556,
      5660,
      2181,
      3006,
      5077,
      2831,
      3015,
      4156,
      2038,
      1719,
      3571,
      3651,
      2940,
      5717,
      3037,
      6994,
      5440,
      912
    ]
  },
  "delta": 0.046875
}