{
  "data": "/root/gpufree-data/linziyao/VoxG/dataset/photo.mat",
  "anom_rate": 0.09263437292634373,
  "baseline_support": {
    "top16": 0.0625,
    "top32": 0.0625,
    "top64": 0.109375,
    "top128": 0.1171875,
    "top256": 0.09765625
  },
  "rerank": {
    "64": {
      "center_dev": {
        "top16": 0.125,
        "top32": 0.15625,
        "top64": 0.109375
      },
      "density_dev": {
        "top16": 0.125,
        "top32": 0.21875,
        "top64": 0.109375
      },
      "attr_dev": {
        "top16": 0.125,
        "top32": 0.1875,
        "top64": 0.109375
      },
      "rank_center_x_support": {
        "top16": 0.125,
        "top32": 0.15625,
        "top64": 0.109375
      },
      "rank_density_x_support": {
        "top16": 0.125,
        "top32": 0.21875,
        "top64": 0.109375
      },
      "rank_attr_x_support": {
        "top16": 0.125,
        "top32": 0.1875,
        "top64": 0.109375
      }
    },
    "128": {
      "center_dev": {
        "top16": 0.0625,
        "top32": 0.125,
        "top64": 0.125,
        "top128": 0.1171875
      },
      "density_dev": {
        "top16": 0.0625,
        "top32": 0.09375,
        "top64": 0.125,
        "top128": 0.1171875
      },
      "attr_dev": {
        "top16": 0.125,
        "top32": 0.15625,
        "top64": 0.15625,
        "top128": 0.1171875
      },
      "rank_center_x_support": {
        "top16": 0.0625,
        "top32": 0.125,
        "top64": 0.125,
        "top128": 0.1171875
      },
      "rank_density_x_support": {
        "top16": 0.0625,
        "top32": 0.09375,
        "top64": 0.125,
        "top128": 0.1171875
      },
      "rank_attr_x_support": {
        "top16": 0.125,
        "top32": 0.15625,
        "top64": 0.15625,
        "top128": 0.1171875
      }
    },
    "256": {
      "center_dev": {
        "top16": 0.375,
        "top32": 0.1875,
        "top64": 0.09375,
        "top128": 0.0859375,
        "top256": 0.09765625
      },
      "density_dev": {
        "top16": 0.3125,
        "top32": 0.1875,
        "top64": 0.109375,
        "top128": 0.1015625,
        "top256": 0.09765625
      },
      "attr_dev": {
        "top16": 0.25,
        "top32": 0.15625,
        "top64": 0.140625,
        "top128": 0.109375,
        "top256": 0.09765625
      },
      "rank_center_x_support": {
        "top16": 0.375,
        "top32": 0.1875,
        "top64": 0.09375,
        "top128": 0.0859375,
        "top256": 0.09765625
      },
      "rank_density_x_support": {
        "top16": 0.3125,
        "top32": 0.1875,
        "top64": 0.109375,
        "top128": 0.109375,
        "top256": 0.09765625
      },
      "rank_attr_x_support": {
        "top16": 0.25,
        "top32": 0.15625,
        "top64": 0.140625,
        "top128": 0.109375,
        "top256": 0.09765625
      }
    },
    "512": {
      "center_dev": {
        "top16": 0.75,
        "top32": 0.78125,
        "top64": 0.53125,
        "top128": 0.328125,
        "top256": 0.2109375
      },
      "density_dev": {
        "top16": 0.75,
        "top32": 0.78125,
        "top64": 0.5,
        "top128": 0.3359375,
        "top256": 0.21484375
      },
      "attr_dev": {
        "top16": 0.375,
        "top32": 0.375,
        "top64": 0.40625,
        "top128": 0.3125,
        "top256": 0.21484375
      },
      "rank_center_x_support": {
        "top16": 0.75,
        "top32": 0.78125,
        "top64": 0.53125,
        "top128": 0.328125,
        "top256": 0.21484375
      },
      "rank_density_x_support": {
        "top16": 0.75,
        "top32": 0.78125,
        "top64": 0.5,
        "top128": 0.328125,
        "top256": 0.2109375
      },
      "rank_attr_x_support": {
        "top16": 0.3125,
        "top32": 0.375,
        "top64": 0.40625,
        "top128": 0.3203125,
        "top256": 0.21484375
      }
    },
    "1024": {
      "center_dev": {
        "top16": 0.125,
        "top32": 0.3125,
        "top64": 0.546875,
        "top128": 0.5234375,
        "top256": 0.3125
      },
      "density_dev": {
        "top16": 0.125,
        "top32": 0.3125,
        "top64": 0.5625,
        "top128": 0.4921875,
        "top256": 0.31640625
      },
      "attr_dev": {
        "top16": 0.0,
        "top32": 0.0625,
        "top64": 0.125,
        "top128": 0.203125,
        "top256": 0.23046875
      },
      "rank_center_x_support": {
        "top16": 0.125,
        "top32": 0.3125,
        "top64": 0.5625,
        "top128": 0.5390625,
        "top256": 0.3125
      },
      "rank_density_x_support": {
        "top16": 0.125,
        "top32": 0.375,
        "top64": 0.578125,
        "top128": 0.5,
        "top256": 0.3125
      },
      "rank_attr_x_support": {
        "top16": 0.0,
        "top32": 0.09375,
        "top64": 0.140625,
        "top128": 0.2109375,
        "top256": 0.22265625
      }
    }
  }
}