{
  "data": "/root/gpufree-data/linziyao/VoxG/dataset/photo.mat",
  "k": 6,
  "topm": 64,
  "topk": 64,
  "self_weight": 0.25,
  "single_stage": {
    "topk_anomaly_ratio": 0.03125,
    "indices": [
      747,
      7190,
      1173,
      4765,
      5613,
      2116,
      2598,
      603,
      3306,
      2860,
      2793,
      2630,
      4080,
      2838,
      2345,
      6533,
      5853,
      4346,
      3175,
      3410,
      1540,
      4799,
      4353,
      5003,
      962,
      6334,
      3037,
      3002,
      6463,
      4722,
      1411,
      7493,
      6452,
      5302,
      5789,
      7198,
      3831,
      7215,
      4518,
      759,
      6026,
      3392,
      1556,
      3040,
      3006,
      6120,
      5440,
      301,
      2425,
      5378,
      566,
      5713,
      2038,
      543,
      1399,
      2940,
      5646,
      2893,
      912,
      991,
      6570,
      3406,
      1182,
      1056
    ]
  },
  "two_stage": {
    "topk_anomaly_ratio": 0.03125,
    "indices": [
      4722,
      1173,
      7190,
      603,
      2893,
      3002,
      4799,
      566,
      4080,
      4346,
      962,
      6026,
      747,
      5853,
      991,
      4353,
      2838,
      2598,
      1399,
      2860,
      4765,
      5613,
      6570,
      2116,
      543,
      759,
      3306,
      1556,
      3006,
      2038,
      2940,
      3037,
      5440,
      912,
      6452,
      7198,
      7215,
      6334,
      5646,
      7493,
      1411,
      5302,
      4518,
      301,
      1182,
      6533,
      3831,
      3406,
      6120,
      2345,
      6463,
      5378,
      3175,
      1056,
      5713,
      3392,
      5003,
      5789,
      3410,
      2793,
      2630,
      1540,
      3040,
      2425
    ]
  },
  "delta": 0.0
}