{
  "data": "/root/gpufree-data/linziyao/VoxG/dataset/photo.mat",
  "train_rate": 0.05,
  "alpha": 0.05,
  "seed": 1,
  "n_train_normal": 376,
  "score_probe": {
    "auc_using_negative_score_as_anomaly": 0.6521535233243354,
    "ap_using_negative_score_as_anomaly": 0.17548410047762691,
    "ks_stat": 0.24670813997492994,
    "ks_pvalue": 2.110297074106506e-34,
    "normal_score_mean": 0.00555347790941596,
    "anomaly_score_mean": -0.14423821866512299,
    "alignment_normal_mean": 0.2371693104505539,
    "alignment_anomaly_mean": 0.08483752608299255,
    "residual_normal_mean": 0.2260623574256897,
    "residual_anomaly_mean": 0.3733139634132385
  },
  "topk_probe": {
    "normal_topk_normal_ratio": 1.0,
    "anomaly_topk_anomaly_ratio": 0.53125,
    "normal_topk_indices": [
      1607,
      727,
      6299,
      3723,
      5051,
      2137,
      4770,
      915,
      6141,
      4342,
      3294,
      84,
      847,
      6092,
      4007,
      4811,
      167,
      6475,
      2311,
      1317,
      4393,
      7015,
      2750,
      5583,
      5275,
      1306,
      63,
      270,
      1082,
      4350,
      87,
      4988
    ],
    "anomaly_topk_indices": [
      7092,
      3153,
      4526,
      1734,
      7011,
      6763,
      6902,
      3006,
      584,
      2175,
      2492,
      7354,
      5797,
      2529,
      6603,
      3642,
      5083,
      5328,
      1778,
      3285,
      297,
      1508,
      4860,
      4313,
      1045,
      1399,
      5476,
      4702,
      6316,
      4149,
      5178,
      4104
    ]
  }
}