{
  "data": "/root/gpufree-data/linziyao/VoxG/dataset/photo.mat",
  "k": 6,
  "score_eval_assume_anomaly_high": {
    "auc": 0.5869020033837459,
    "ap": 0.11281908666416168,
    "normal_mean": -0.3708212077617645,
    "anomaly_mean": -0.3208668529987335,
    "difference": 0.049954354763031006,
    "ks_stat": 0.16284538913287008,
    "ks_pvalue": 3.861998060358439e-15,
    "anomaly_high": true
  },
  "score_eval_assume_anomaly_low": {
    "auc": 0.4130979966162541,
    "ap": 0.07339969060578651,
    "normal_mean": -0.3708212077617645,
    "anomaly_mean": -0.3208668529987335,
    "difference": 0.049954354763031006,
    "ks_stat": 0.16284538913287008,
    "ks_pvalue": 3.861998060358439e-15,
    "anomaly_high": false
  },
  "topk_assume_anomaly_high": {
    "normal_topk_normal_ratio": 0.96875,
    "anomaly_topk_anomaly_ratio": 0.03125,
    "normal_topk_indices": [
      6266,
      1142,
      4204,
      1766,
      6845,
      4119,
      7289,
      2212,
      6275,
      2051,
      3552,
      1623,
      7459,
      2070,
      4996,
      416,
      2883,
      1492,
      3100,
      1245,
      458,
      5662,
      3071,
      2059,
      2243,
      3291,
      6065,
      6050,
      225,
      16,
      5448,
      5791
    ],
    "anomaly_topk_indices": [
      1403,
      1270,
      3175,
      6968,
      3418,
      4599,
      6974,
      7173,
      5789,
      2541,
      3138,
      4156,
      1797,
      5001,
      2873,
      6788,
      3571,
      1782,
      4795,
      752,
      6120,
      297,
      3979,
      5003,
      1545,
      5657,
      1100,
      4966,
      6399,
      5721,
      7066,
      6319
    ]
  },
  "topk_assume_anomaly_low": {
    "normal_topk_normal_ratio": 0.96875,
    "anomaly_topk_anomaly_ratio": 0.03125,
    "normal_topk_indices": [
      1403,
      1270,
      3175,
      6968,
      3418,
      4599,
      6974,
      7173,
      5789,
      2541,
      3138,
      4156,
      1797,
      5001,
      2873,
      6788,
      3571,
      1782,
      4795,
      752,
      6120,
      297,
      3979,
      5003,
      1545,
      5657,
      1100,
      4966,
      6399,
      5721,
      7066,
      6319
    ],
    "anomaly_topk_indices": [
      6266,
      1142,
      4204,
      1766,
      6845,
      4119,
      7289,
      2212,
      6275,
      2051,
      3552,
      1623,
      7459,
      2070,
      4996,
      416,
      2883,
      1492,
      3100,
      1245,
      458,
      5662,
      3071,
      2059,
      2243,
      3291,
      6065,
      6050,
      225,
      16,
      5448,
      5791
    ]
  }
}