{
  "data": "/root/gpufree-data/linziyao/VoxG/dataset/photo.mat",
  "k": 6,
  "topm": 512,
  "topk": 64,
  "self_weight": 0.25,
  "single_stage": {
    "topk_anomaly_ratio": 0.03125,
    "indices": [
      747,
      7190,
      1173,
      4765,
      5613,
      2116,
      2598,
      603,
      3306,
      2860,
      2793,
      2630,
      4080,
      2838,
      2345,
      6533,
      5853,
      4346,
      3175,
      3410,
      1540,
      4799,
      4353,
      5003,
      962,
      6334,
      3037,
      3002,
      6463,
      4722,
      1411,
      7493,
      6452,
      5302,
      5789,
      7198,
      3831,
      7215,
      4518,
      759,
      6026,
      3392,
      1556,
      3040,
      3006,
      6120,
      5440,
      301,
      2425,
      5378,
      566,
      5713,
      2038,
      543,
      1399,
      2940,
      5646,
      2893,
      912,
      991,
      6570,
      3406,
      1182,
      1056
    ]
  },
  "two_stage": {
    "topk_anomaly_ratio": 0.15625,
    "indices": [
      4722,
      1173,
      6686,
      1226,
      5446,
      7190,
      603,
      1150,
      2893,
      2441,
      2605,
      1132,
      7306,
      302,
      5142,
      5750,
      4098,
      1291,
      4831,
      5309,
      3002,
      4799,
      566,
      4080,
      4346,
      2744,
      962,
      5794,
      4079,
      7043,
      790,
      3862,
      1112,
      7206,
      5517,
      6046,
      6026,
      3018,
      6023,
      3500,
      5074,
      5637,
      5258,
      2529,
      5488,
      1626,
      2979,
      5807,
      5283,
      1032,
      6369,
      6691,
      747,
      6877,
      1189,
      4528,
      5896,
      6268,
      7469,
      3137,
      7011,
      3063,
      2085,
      2548
    ]
  },
  "delta": 0.125
}