{
  "data": "/root/gpufree-data/linziyao/VoxG/dataset/photo.mat",
  "train_rate": 0.05,
  "alpha": 0.05,
  "seed": 2,
  "n_train_normal": 376,
  "score_probe": {
    "auc_using_negative_score_as_anomaly": 0.6475112452763134,
    "ap_using_negative_score_as_anomaly": 0.17405337658768333,
    "ks_stat": 0.22602512957265644,
    "ks_pvalue": 6.850705276323318e-29,
    "normal_score_mean": 0.004643731284886599,
    "anomaly_score_mean": -0.1398535966873169,
    "alignment_normal_mean": 0.2362629622220993,
    "alignment_anomaly_mean": 0.07936464995145798,
    "residual_normal_mean": 0.2269754707813263,
    "residual_anomaly_mean": 0.35907182097435
  },
  "topk_probe": {
    "normal_topk_normal_ratio": 1.0,
    "anomaly_topk_anomaly_ratio": 0.65625,
    "normal_topk_indices": [
      2750,
      270,
      63,
      7285,
      6475,
      6141,
      1082,
      4765,
      5275,
      847,
      6092,
      7015,
      5567,
      6027,
      4350,
      3723,
      4770,
      3577,
      6169,
      5051,
      6256,
      915,
      2200,
      5397,
      2137,
      3956,
      4393,
      4694,
      2637,
      2559,
      3585,
      2692
    ],
    "anomaly_topk_indices": [
      7092,
      3153,
      5083,
      823,
      6763,
      3761,
      2261,
      3383,
      5476,
      3642,
      4860,
      6781,
      4507,
      4739,
      3006,
      6541,
      7001,
      1399,
      4604,
      5584,
      1508,
      5161,
      543,
      2175,
      6710,
      4313,
      3285,
      1045,
      6371,
      4057,
      4074,
      584
    ]
  }
}