{
  "data": "/root/gpufree-data/linziyao/VoxG/dataset/photo.mat",
  "train_rate": 0.05,
  "alpha": 0.05,
  "seed": 3,
  "n_train_normal": 376,
  "score_probe": {
    "auc_using_negative_score_as_anomaly": 0.6517985527089454,
    "ap_using_negative_score_as_anomaly": 0.2333550942787579,
    "ks_stat": 0.22733437184240646,
    "ks_pvalue": 3.175510893444648e-29,
    "normal_score_mean": 0.003627295373007655,
    "anomaly_score_mean": -0.14785060286521912,
    "alignment_normal_mean": 0.2378057837486267,
    "alignment_anomaly_mean": 0.10693424195051193,
    "residual_normal_mean": 0.23055119812488556,
    "residual_anomaly_mean": 0.40263545513153076
  },
  "topk_probe": {
    "normal_topk_normal_ratio": 1.0,
    "anomaly_topk_anomaly_ratio": 0.875,
    "normal_topk_indices": [
      4770,
      5051,
      3723,
      915,
      3900,
      847,
      6256,
      3130,
      6092,
      84,
      2137,
      6475,
      6027,
      4393,
      1306,
      6141,
      3617,
      5214,
      4006,
      2715,
      4988,
      7015,
      270,
      5567,
      6299,
      63,
      167,
      3294,
      7323,
      7098,
      2311,
      2637
    ],
    "anomaly_topk_indices": [
      3470,
      6901,
      1187,
      1134,
      7194,
      3886,
      4950,
      443,
      3012,
      3153,
      1383,
      7510,
      4381,
      5123,
      4860,
      7092,
      347,
      6763,
      1817,
      6764,
      6784,
      2818,
      2376,
      4418,
      2806,
      6069,
      6405,
      2550,
      3352,
      1951,
      2548,
      1948
    ]
  }
}