{
  "data": "/root/gpufree-data/linziyao/VoxG/dataset/photo.mat",
  "train_rate": 0.05,
  "alpha": 0.05,
  "seed": 0,
  "n_train_normal": 376,
  "score_probe": {
    "auc_using_negative_score_as_anomaly": 0.6612992553160726,
    "ap_using_negative_score_as_anomaly": 0.26234268178939135,
    "ks_stat": 0.2407199491390391,
    "ks_pvalue": 9.376292086928656e-33,
    "normal_score_mean": 0.00485692685469985,
    "anomaly_score_mean": -0.1553080677986145,
    "alignment_normal_mean": 0.23671692609786987,
    "alignment_anomaly_mean": 0.09108272939920425,
    "residual_normal_mean": 0.2270030379295349,
    "residual_anomaly_mean": 0.40169885754585266
  },
  "topk_probe": {
    "normal_topk_normal_ratio": 1.0,
    "anomaly_topk_anomaly_ratio": 0.875,
    "normal_topk_indices": [
      6645,
      4811,
      84,
      6780,
      3095,
      2137,
      3294,
      6299,
      4770,
      6762,
      5051,
      4007,
      3723,
      4393,
      915,
      6141,
      847,
      1146,
      2311,
      7015,
      1607,
      3130,
      6475,
      6092,
      270,
      167,
      4765,
      63,
      6590,
      5275,
      1940,
      2750
    ],
    "anomaly_topk_indices": [
      6763,
      811,
      4860,
      538,
      3470,
      3012,
      6901,
      5870,
      1187,
      3153,
      7092,
      443,
      1134,
      4531,
      3886,
      3587,
      4950,
      3340,
      2324,
      4074,
      7194,
      4381,
      1526,
      2144,
      2548,
      6764,
      7510,
      347,
      5123,
      1383,
      7452,
      1948
    ]
  }
}