{
  "data": "/root/gpufree-data/linziyao/VoxG/dataset/photo.mat",
  "k": 6,
  "topk": 32,
  "topr": 8,
  "tau": 10.0,
  "base_ndc": {
    "auc": 0.5869020033837459,
    "ap": 0.11281908666416168,
    "normal_mean": -0.3708212077617645,
    "anomaly_mean": -0.3208668529987335,
    "difference": 0.049954354763031006,
    "ks_stat": 0.16284538913287008,
    "ks_pvalue": 3.861998060358439e-15,
    "topk_anomaly_ratio": 0.03125
  },
  "variants": {
    "affinity_mul_mean": {
      "auc": 0.6097976080763987,
      "ap": 0.1232366531809419,
      "normal_mean": 0.2574368119239807,
      "anomaly_mean": 0.3041592240333557,
      "difference": 0.046722412109375,
      "ks_stat": 0.18772790727010832,
      "ks_pvalue": 5.250239806938584e-20,
      "topk_anomaly_ratio": 0.0625
    },
    "affinity_mul_topk": {
      "auc": 0.5731979164440242,
      "ap": 0.10898896419267737,
      "normal_mean": 0.3630443811416626,
      "anomaly_mean": 0.40915197134017944,
      "difference": 0.046107590198516846,
      "ks_stat": 0.1327059950639387,
      "ks_pvalue": 3.4640331023962127e-10,
      "topk_anomaly_ratio": 0.125
    },
    "affinity_mul_softmax": {
      "auc": 0.5626401599588955,
      "ap": 0.10499846621908109,
      "normal_mean": 0.3939487338066101,
      "anomaly_mean": 0.42969125509262085,
      "difference": 0.03574252128601074,
      "ks_stat": 0.12377682867492026,
      "ks_pvalue": 6.461857057359026e-09,
      "topk_anomaly_ratio": 0.09375
    }
  }
}