{
  "data": "/root/gpufree-data/linziyao/VoxG/dataset/photo.mat",
  "k": 6,
  "base_ndc": {
    "auc": 0.5869020033837459,
    "ap": 0.11281908666416168,
    "normal_mean": -0.3708212077617645,
    "anomaly_mean": -0.3208668529987335,
    "difference": 0.049954354763031006,
    "ks_stat": 0.16284538913287008,
    "ks_pvalue": 3.861998060358439e-15
  },
  "ndc_prior_q": {
    "auc": 0.5869021081566547,
    "ap": 0.11281908666416168,
    "normal_mean": 0.4898163080215454,
    "anomaly_mean": 0.541238009929657,
    "difference": 0.05142170190811157,
    "ks_stat": 0.16284538913287008,
    "ks_pvalue": 3.861998060358439e-15
  },
  "ndc_cluster_score": {
    "auc": 0.6062402535001487,
    "ap": 0.12093398525160136,
    "normal_mean": 0.49720630049705505,
    "anomaly_mean": 0.5439201593399048,
    "difference": 0.04671385884284973,
    "ks_stat": 0.18595850238442185,
    "ks_pvalue": 1.2292335827355864e-19
  },
  "topk_base_ndc": {
    "topk_anomaly_ratio": 0.03125,
    "topk_indices": [
      1403,
      1270,
      3175,
      6968,
      3418,
      4599,
      6974,
      7173,
      5789,
      2541,
      3138,
      4156,
      1797,
      5001,
      2873,
      6788,
      3571,
      1782,
      4795,
      752,
      6120,
      297,
      3979,
      5003,
      1545,
      5657,
      1100,
      4966,
      6399,
      5721,
      7066,
      6319
    ]
  },
  "topk_ndc_cluster": {
    "topk_anomaly_ratio": 0.0625,
    "topk_indices": [
      3175,
      2793,
      3410,
      5003,
      2345,
      5789,
      6120,
      3006,
      5302,
      301,
      5378,
      7198,
      3831,
      3571,
      1540,
      7493,
      4518,
      2940,
      7371,
      1182,
      6533,
      4966,
      2831,
      1056,
      2951,
      3651,
      543,
      912,
      7066,
      5440,
      4599,
      1782
    ]
  }
}