{
  "data": "/root/gpufree-data/linziyao/VoxG/dataset/photo.mat",
  "train_rate": 0.05,
  "alpha": 0.05,
  "seed": 4,
  "n_train_normal": 376,
  "score_probe": {
    "auc_using_negative_score_as_anomaly": 0.662938217930165,
    "ap_using_negative_score_as_anomaly": 0.2955637128805253,
    "ks_stat": 0.24325063398087182,
    "ks_pvalue": 1.90930356799833e-33,
    "normal_score_mean": 0.003752608085051179,
    "anomaly_score_mean": -0.16216714680194855,
    "alignment_normal_mean": 0.2356232851743698,
    "alignment_anomaly_mean": 0.08533196151256561,
    "residual_normal_mean": 0.22811807692050934,
    "residual_anomaly_mean": 0.4096662700176239
  },
  "topk_probe": {
    "normal_topk_normal_ratio": 1.0,
    "anomaly_topk_anomaly_ratio": 0.8125,
    "normal_topk_indices": [
      1940,
      6668,
      4350,
      4770,
      63,
      6141,
      2200,
      2750,
      847,
      6475,
      3723,
      6092,
      270,
      7015,
      915,
      4765,
      7285,
      5051,
      3577,
      2137,
      5567,
      5275,
      1082,
      175,
      4694,
      6027,
      2559,
      3294,
      6169,
      3956,
      84,
      4393
    ],
    "anomaly_topk_indices": [
      274,
      4503,
      1155,
      6362,
      341,
      2179,
      5632,
      6763,
      1217,
      6200,
      6844,
      5002,
      7043,
      4072,
      3453,
      1587,
      2610,
      5685,
      5510,
      5173,
      538,
      5160,
      1383,
      780,
      1759,
      4860,
      3470,
      811,
      4927,
      4984,
      1187,
      6927
    ]
  }
}