{
  "data": "/root/gpufree-data/linziyao/VoxG/dataset/photo.mat",
  "k": 6,
  "topm": 256,
  "topk": 64,
  "self_weight": 0.25,
  "single_stage": {
    "topk_anomaly_ratio": 0.03125,
    "indices": [
      747,
      7190,
      1173,
      4765,
      5613,
      2116,
      2598,
      603,
      3306,
      2860,
      2793,
      2630,
      4080,
      2838,
      2345,
      6533,
      5853,
      4346,
      3175,
      3410,
      1540,
      4799,
      4353,
      5003,
      962,
      6334,
      3037,
      3002,
      6463,
      4722,
      1411,
      7493,
      6452,
      5302,
      5789,
      7198,
      3831,
      7215,
      4518,
      759,
      6026,
      3392,
      1556,
      3040,
      3006,
      6120,
      5440,
      301,
      2425,
      5378,
      566,
      5713,
      2038,
      543,
      1399,
      2940,
      5646,
      2893,
      912,
      991,
      6570,
      3406,
      1182,
      1056
    ]
  },
  "two_stage": {
    "topk_anomaly_ratio": 0.203125,
    "indices": [
      4722,
      1173,
      6686,
      5446,
      7190,
      603,
      2893,
      2441,
      7306,
      5142,
      1291,
      4831,
      3002,
      4799,
      566,
      4080,
      4346,
      962,
      7043,
      7206,
      5517,
      6026,
      5074,
      2529,
      1626,
      5283,
      1032,
      747,
      5896,
      6268,
      7011,
      2738,
      2405,
      1285,
      5853,
      4155,
      991,
      4353,
      3086,
      2838,
      5013,
      2598,
      4526,
      7229,
      2010,
      5168,
      6561,
      1399,
      4965,
      6748,
      7510,
      2860,
      178,
      780,
      4906,
      6576,
      1095,
      3010,
      1352,
      6750,
      894,
      1427,
      6245,
      4475
    ]
  },
  "delta": 0.171875
}