{
  "rows": [
    {
      "seed": 0,
      "n_train": 2328,
      "n_train_anom": 242,
      "n_train_normal": 2086,
      "n_test": 44236,
      "n_test_anom": 4303,
      "test_anom_rate": 0.0972737137173343,
      "normal_gen_count": 312,
      "train_normal_degree": {
        "mean": 1.6668264621284756,
        "std": 3.101438081475669,
        "min": 0.0,
        "p25": 1.0,
        "median": 1.0,
        "p75": 2.0,
        "max": 95.0
      },
      "test_anom_degree": {
        "mean": 0.8117592377411108,
        "std": 1.3262998748795847,
        "min": 0.0,
        "p25": 0.0,
        "median": 1.0,
        "p75": 1.0,
        "max": 30.0
      },
      "train_normal_feat_norm": {
        "mean": 11.453507051205722,
        "std": 15.730238324795895,
        "min": 1.8945706187609084,
        "p25": 4.977114813690729,
        "median": 8.382518914282656,
        "p75": 13.324878462571622,
        "max": 572.1271428709654
      },
      "test_anom_feat_norm": {
        "mean": 3.9226978304445446,
        "std": 3.401942156686681,
        "min": 1.8551709101679223,
        "p25": 2.276277363304369,
        "median": 2.365453475102171,
        "p75": 5.055969616552911,
        "max": 92.44416739370409
      },
      "test_anom_dist_to_train_normal_centroid": {
        "mean": 6.037127643050335,
        "std": 2.8549838721537615,
        "min": 4.816068203915302,
        "p25": 5.081478519387965,
        "median": 5.184186865718644,
        "p75": 6.3336154811764125,
        "max": 92.24805547835756
      },
      "test_norm_dist_to_train_normal_centroid": {
        "mean": 11.410550963729227,
        "std": 10.253999943998862,
        "min": 3.3249514046848816,
        "p25": 6.143289917015892,
        "median": 8.407298449857512,
        "p75": 12.902467835690759,
        "max": 572.1324135114804
      },
      "test_anom_adjacent_to_train_normal_ratio": 0.021612828259353938,
      "test_norm_adjacent_to_train_normal_ratio": 0.07269676708486715,
      "test_anom_within_2hop_train_normal_ratio": 0.07204276086451313,
      "test_norm_within_2hop_train_normal_ratio": 0.21944256629855008,
      "train_normal_indices_head": [
        22185,
        21103,
        11777,
        6026,
        36784,
        37779,
        16946,
        40629,
        29340,
        45333,
        45314,
        22664,
        40729,
        28127,
        44442,
        6537,
        22701,
        6309,
        30124,
        1024
      ]
    },
    {
      "seed": 1,
      "n_train": 2328,
      "n_train_anom": 231,
      "n_train_normal": 2097,
      "n_test": 44236,
      "n_test_anom": 4314,
      "test_anom_rate": 0.09752237996202189,
      "normal_gen_count": 314,
      "train_normal_degree": {
        "mean": 1.7219837863614689,
        "std": 3.2902612302790564,
        "min": 0.0,
        "p25": 1.0,
        "median": 1.0,
        "p75": 2.0,
        "max": 95.0
      },
      "test_anom_degree": {
        "mean": 0.8034306907742235,
        "std": 1.2853225568198492,
        "min": 0.0,
        "p25": 0.0,
        "median": 1.0,
        "p75": 1.0,
        "max": 30.0
      },
      "train_normal_feat_norm": {
        "mean": 11.232528466012013,
        "std": 11.61491671573603,
        "min": 1.8323778174043739,
        "p25": 4.925386649035322,
        "median": 7.894925552288545,
        "p75": 12.52574426581007,
        "max": 247.6975438751539
      },
      "test_anom_feat_norm": {
        "mean": 3.9110306303688107,
        "std": 3.4454302391669454,
        "min": 1.8551709101679223,
        "p25": 2.2763594641709277,
        "median": 2.3654365763042753,
        "p75": 5.015791991228738,
        "max": 92.44416739370409
      },
      "test_anom_dist_to_train_normal_centroid": {
        "mean": 5.803680952006839,
        "std": 2.943597913137095,
        "min": 4.520008297881701,
        "p25": 4.810521808101044,
        "median": 4.914701866418821,
        "p75": 6.156176340523266,
        "max": 92.19901879767015
      },
      "test_norm_dist_to_train_normal_centroid": {
        "mean": 11.34690322978205,
        "std": 10.60965592580805,
        "min": 3.173373816749837,
        "p25": 6.020529187298772,
        "median": 8.336485788500667,
        "p75": 12.779257357394288,
        "max": 572.3254447464863
      },
      "test_anom_adjacent_to_train_normal_ratio": 0.018312471024571165,
      "test_norm_adjacent_to_train_normal_ratio": 0.07669956415009269,
      "test_anom_within_2hop_train_normal_ratio": 0.07950857672693556,
      "test_norm_within_2hop_train_normal_ratio": 0.21759931867140925,
      "train_normal_indices_head": [
        7223,
        45296,
        5423,
        40051,
        24933,
        7888,
        4085,
        8913,
        31973,
        28437,
        20924,
        35201,
        29336,
        8609,
        37852,
        34537,
        35279,
        35070,
        3186,
        37413
      ]
    },
    {
      "seed": 2,
      "n_train": 2328,
      "n_train_anom": 237,
      "n_train_normal": 2091,
      "n_test": 44236,
      "n_test_anom": 4308,
      "test_anom_rate": 0.09738674382855593,
      "normal_gen_count": 313,
      "train_normal_degree": {
        "mean": 1.8684839789574366,
        "std": 10.214044957760128,
        "min": 0.0,
        "p25": 1.0,
        "median": 1.0,
        "p75": 2.0,
        "max": 453.0
      },
      "test_anom_degree": {
        "mean": 0.8173166202414113,
        "std": 1.3558109747114075,
        "min": 0.0,
        "p25": 0.0,
        "median": 1.0,
        "p75": 1.0,
        "max": 30.0
      },
      "train_normal_feat_norm": {
        "mean": 11.070283427684105,
        "std": 15.769032944523705,
        "min": 1.8439564818179992,
        "p25": 4.97225837658061,
        "median": 7.91834494233433,
        "p75": 12.22308121711394,
        "max": 572.6782204568226
      },
      "test_anom_feat_norm": {
        "mean": 3.9301516863742783,
        "std": 3.497710538937369,
        "min": 1.8559318194626295,
        "p25": 2.2762607345477104,
        "median": 2.3654089727348495,
        "p75": 5.073301173197197,
        "max": 92.44416739370409
      },
      "test_anom_dist_to_train_normal_centroid": {
        "mean": 5.785276229791772,
        "std": 2.9997236840784924,
        "min": 4.4944685762222525,
        "p25": 4.762433568040643,
        "median": 4.885838120583827,
        "p75": 6.126262159453917,
        "max": 92.16096845924399
      },
      "test_norm_dist_to_train_normal_centroid": {
        "mean": 11.335439749179995,
        "std": 10.347647072311949,
        "min": 3.0704011929475503,
        "p25": 5.987308531776208,
        "median": 8.293937782190472,
        "p75": 12.785613077736986,
        "max": 571.6241984868883
      },
      "test_anom_adjacent_to_train_normal_ratio": 0.018570102135561744,
      "test_norm_adjacent_to_train_normal_ratio": 0.08284912843117612,
      "test_anom_within_2hop_train_normal_ratio": 0.06987000928505106,
      "test_norm_within_2hop_train_normal_ratio": 0.21618914045281507,
      "train_normal_indices_head": [
        43896,
        22663,
        20121,
        24493,
        42683,
        5089,
        29317,
        1389,
        10270,
        23017,
        10676,
        38999,
        4268,
        5051,
        10840,
        44060,
        14702,
        25156,
        34199,
        1423
      ]
    },
    {
      "seed": 3,
      "n_train": 2328,
      "n_train_anom": 229,
      "n_train_normal": 2099,
      "n_test": 44236,
      "n_test_anom": 4316,
      "test_anom_rate": 0.09756759200651054,
      "normal_gen_count": 314,
      "train_normal_degree": {
        "mean": 1.6064792758456408,
        "std": 2.2750513965478802,
        "min": 0.0,
        "p25": 1.0,
        "median": 1.0,
        "p75": 2.0,
        "max": 34.0
      },
      "test_anom_degree": {
        "mean": 0.8146431881371641,
        "std": 1.3520264650187797,
        "min": 0.0,
        "p25": 0.0,