{
  "dataset": "tolokers",
  "timestamp": "2026-03-31T16:13:44.987277",
  "config": {
    "pp_k": 6,
    "alpha": 0.1
  },
  "dimension_importance": {
    "original": {
      "feature_name": "original",
      "original_shape": [
        11758,
        8
      ],
      "flattened_dim": 8,
      "methods": {
        "mutual_info": {
          "importance_mean": 0.05816829832145931,
          "importance_std": 0.009056864451368175,
          "importance_max": 0.07862351783871424,
          "top_10_dim": [
            1,
            3,
            2,
            0,
            7,
            6,
            5,
            4
          ],
          "top_10_importance": [
            0.07862351783871424,
            0.06335903719391878,
            0.05881253658806429,
            0.0585770056761703,
            0.05431724815122152,
            0.05383071605660272,
            0.05054291790025833,
            0.0472834071667243
          ]
        },
        "fisher": {
          "importance_mean": 0.04586578533053398,
          "importance_std": 0.06799784302711487,
          "importance_max": 0.1748499721288681,
          "top_10_dim": [
            2,
            1,
            0,
            5,
            7,
            3,
            6,
            4
          ],
          "top_10_importance": [
            0.1748499721288681,
            0.14881594479084015,
            0.032579995691776276,
            0.004962742794305086,
            0.003334656823426485,
            0.0016958025516942143,
            0.0003600095515139401,
            0.0003271707973908633
          ]
        }
      },
      "combined": {
        "top_10_dim": [
          1,
          2,
          0,
          3,
          7,
          6,
          5,
          4
        ],
        "top_10_importance": [
          0.9254136681556702,
          0.6839356845610007,
          0.27258092311219917,
          0.26039160527069427,
          0.12083418327082232,
          0.10454982133603749,
          0.06528292672233013,
          0.0
        ]
      }
    },
    "offset": {
      "feature_name": "offset",
      "original_shape": [
        11758,
        6,
        8
      ],
      "flattened_dim": 48,
      "methods": {
        "mutual_info": {
          "importance_mean": 0.01136781252127376,
          "importance_std": 0.0071089028525814805,
          "importance_max": 0.030538445916179935,
          "top_10_dim": [
            39,
            47,
            46,
            41,
            10,
            25,
            33,
            31,
            42,
            26
          ],
          "top_10_importance": [
            0.030538445916179935,
            0.028407109230653926,
            0.023827267408787822,
            0.021167095569108785,
            0.02086827268182523,
            0.020567513652455904,
            0.020349976501349065,
            0.019394309805432997,
            0.018931191715356288,
            0.017425086487256713
          ]
        },
        "fisher": {
          "importance_mean": 0.025381900370121002,
          "importance_std": 0.02809000574052334,
          "importance_max": 0.11293665319681168,
          "top_10_dim": [
            47,
            39,
            31,
            23,
            15,
            2,
            10,
            20,
            7,
            28
          ],
          "top_10_importance": [
            0.11293665319681168,
            0.10364525765180588,
            0.09350693970918655,
            0.08181699365377426,
            0.06629003584384918,
            0.06244105100631714,
            0.051589589565992355,
            0.03967815637588501,
            0.038949284702539444,
            0.03879088535904884
          ]
        }
      },
      "combined": {
        "top_10_dim": [
          47,
          39,
          31,
          23,
          10,
          15,
          2,
          41,
          33,
          46
        ],
        "top_10_importance": [
          0.9638623865514011,
          0.9588450789451599,
          0.7249858397256357,
          0.6320400225075224,
          0.5643104700530029,
          0.5223692666763808,
          0.49531460987429865,
          0.48516511912441784,
          0.4609999385752343,
          0.45768756306123504
        ]
      }
    },
    "delta": {
      "feature_name": "delta",
      "original_shape": [
        11758,
        6,
        8
      ],
      "flattened_dim": 48,
      "methods": {
        "mutual_info": {
          "importance_mean": 0.013301129879508955,
          "importance_std": 0.010836824807346126,
          "importance_max": 0.050181303733196625,
          "top_10_dim": [
            46,
            38,
            30,
            47,
            34,
            43,
            39,
            26,
            42,
            17
          ],
          "top_10_importance": [
            0.050181303733196625,
            0.0442775244213498,
            0.031645132201517656,
            0.031248812581069485,
            0.028508909129996596,
            0.028004914054623242,
            0.02593113627288801,
            0.025396554740889865,
            0.024272174751377218,
            0.020857313860130677
          ]
        },
        "fisher": {
          "importance_mean": 0.0470898263156414,
          "importance_std": 0.04413957521319389,
          "importance_max": 0.15639831125736237,
          "top_10_dim": [
            46,
            38,
            34,
            26,
            30,
            43,
            47,
            17,
            39,
            42
          ],
          "top_10_importance": [
            0.15639831125736237,
            0.1475459635257721,
            0.13884826004505157,
            0.13663439452648163,
            0.12877272069454193,
            0.10414374619722366,
            0.10335467755794525,
            0.09204178303480148,
            0.08623392879962921,
            0.08568501472473145
          ]
        }
      },
      "combined": {
        "top_10_dim": [
          46,
          38,
          34,
          30,
          26,
          47,
          43,
          39,
          42,
          17
        ],
        "top_10_importance": [
          1.0,
          0.912251071554444,
          0.7257141456148476,
          0.7250320040099097,
          0.6873050732621824,
          0.6396945373551954,
          0.6095722446544949,
          0.5313818452471056,
          0.512928758271629,
          0.498904921384271
        ]
      }
    }
  }
}