{
  "dataset": "photo",
  "timestamp": "2026-03-31T16:01:03.151082",
  "config": {
    "pp_k": 6,
    "alpha": 0.1
  },
  "dimension_importance": {
    "original": {
      "feature_name": "original",
      "original_shape": [
        7535,
        745
      ],
      "flattened_dim": 745,
      "methods": {
        "mutual_info": {
          "importance_mean": 0.002799676745686567,
          "importance_std": 0.0032006152537668122,
          "importance_max": 0.031188451698370034,
          "top_10_dim": [
            703,
            239,
            610,
            590,
            215,
            546,
            116,
            718,
            289,
            95
          ],
          "top_10_importance": [
            0.031188451698370034,
            0.02447149143093963,
            0.02128273687236093,
            0.01889772797815259,
            0.017902437689685247,
            0.013809817779292466,
            0.013717956978825052,
            0.013319059114328402,
            0.012921324519131305,
            0.012835792388232958
          ]
        },
        "fisher": {
          "importance_mean": 0.02858905866742134,
          "importance_std": 0.03491319715976715,
          "importance_max": 0.45528125762939453,
          "top_10_dim": [
            703,
            610,
            590,
            239,
            215,
            704,
            515,
            313,
            125,
            244
          ],
          "top_10_importance": [
            0.45528125762939453,
            0.29620808362960815,
            0.2322419434785843,
            0.22092266380786896,
            0.18580414354801178,
            0.1852482557296753,
            0.17075830698013306,
            0.16194704174995422,
            0.16106829047203064,
            0.1530793309211731
          ]
        }
      },
      "combined": {
        "top_10_dim": [
          703,
          610,
          239,
          590,
          215,
          515,
          718,
          546,
          704,
          244
        ],
        "top_10_importance": [
          1.0,
          0.6664828942967264,
          0.6349163633771375,
          0.5579923149981074,
          0.49103280295814883,
          0.37554192077484433,
          0.365360637603793,
          0.3592252036994605,
          0.35078969984050923,
          0.34734436037738603
        ]
      }
    },
    "offset": {
      "feature_name": "offset",
      "original_shape": [
        7535,
        6,
        745
      ],
      "flattened_dim": 4470,
      "methods": {
        "mutual_info": {
          "importance_mean": 0.012783801207822005,
          "importance_std": 0.008020349266440754,
          "importance_max": 0.051935022906390405,
          "top_10_dim": [
            2364,
            1598,
            853,
            610,
            1448,
            3854,
            2100,
            3670,
            1355,
            3109
          ],
          "top_10_importance": [
            0.051935022906390405,
            0.04938924533616973,
            0.04878898454253067,
            0.04875185937639581,
            0.048472094900909424,
            0.04794398311713777,
            0.04791084206390406,
            0.047088556239931245,
            0.04691087923562898,
            0.04663849958326627
          ]
        },
        "fisher": {
          "importance_mean": 0.004606329835951328,
          "importance_std": 0.00911249965429306,
          "importance_max": 0.11521599441766739,
          "top_10_dim": [
            3969,
            4428,
            3224,
            2479,
            3683,
            2938,
            4335,
            3780,
            3035,
            2290
          ],
          "top_10_importance": [
            0.11521599441766739,
            0.1132640540599823,
            0.11093397438526154,
            0.10638358443975449,
            0.10623229295015335,
            0.09741759300231934,
            0.09641799330711365,
            0.0958520919084549,
            0.09442578256130219,
            0.09291838109493256
          ]
        }
      },
      "combined": {
        "top_10_dim": [
          4428,
          3683,
          2938,
          4335,
          2193,
          3590,
          2100,
          2845,
          1448,
          3969
        ],
        "top_10_importance": [
          0.931711295658298,
          0.9006799927695204,
          0.8683329711397578,
          0.848425738052879,
          0.7982668073241199,
          0.787905413835124,
          0.7724684131748125,
          0.7639440919904146,
          0.7627468503210979,
          0.727642627069053
        ]
      }
    },
    "delta": {
      "feature_name": "delta",
      "original_shape": [
        7535,
        6,
        745
      ],
      "flattened_dim": 4470,
      "methods": {
        "mutual_info": {
          "importance_mean": 0.014409048326357123,
          "importance_std": 0.008173206449484506,
          "importance_max": 0.04875185937639581,
          "top_10_dim": [
            610,
            4335,
            3685,
            3965,
            4400,
            4342,
            4448,
            3311,
            3195,
            3220
          ],
          "top_10_importance": [
            0.04875185937639581,
            0.047290548959593615,
            0.04687350018288039,
            0.04608968102128297,
            0.04552742458729497,
            0.04533277100021227,
            0.04480928711990928,
            0.04449663723793029,
            0.04391261978399208,
            0.043500485747815176
          ]
        },
        "fisher": {
          "importance_mean": 0.005157348234206438,
          "importance_std": 0.010439285077154636,
          "importance_max": 0.16598324477672577,
          "top_10_dim": [
            2100,
            2193,
            3590,
            2479,
            1734,
            3655,
            2845,
            3683,
            1705,
            4400
          ],
          "top_10_importance": [
            0.16598324477672577,
            0.15621086955070496,
            0.13601964712142944,
            0.12712281942367554,
            0.12169233709573746,
            0.11692453175783157,
            0.11139696091413498,
            0.10562490671873093,
            0.10373897850513458,
            0.09128204733133316
          ]
        }
      },
      "combined": {
        "top_10_dim": [
          2100,
          3590,
          2193,
          4335,
          3683,
          4400,
          3655,
          1734,
          2479,
          3567
        ],
        "top_10_importance": [
          0.880513730966153,
          0.8440585314760942,
          0.8017507937048822,
          0.7506491271667987,
          0.743241073188567,
          0.7419038257872415,
          0.7128370368439292,
          0.6248488315394924,
          0.62073732279291,
          0.6190876307993649
        ]
      }
    }
  }
}