{
  "dataset": "photo",
  "timestamp": "2026-03-31T16:00:59.796746",
  "config": {
    "pp_k": 6,
    "alpha": 0.1
  },
  "fisher_analysis": {
    "original": {
      "feature_name": "original",
      "N": 7535,
      "D": 745,
      "n_normal": 6837,
      "n_anomaly": 698,
      "fisher_score_mean": 0.02858905866742134,
      "fisher_score_std": 0.03491319715976715,
      "fisher_score_max": 0.45528125762939453,
      "fisher_score_sum": 21.29884910583496,
      "top_10_dim": [
        703,
        610,
        590,
        239,
        215,
        704,
        515,
        313,
        125,
        244
      ],
      "top_10_fisher": [
        0.45528125762939453,
        0.29620808362960815,
        0.2322419434785843,
        0.22092266380786896,
        0.18580414354801178,
        0.1852482557296753,
        0.17075830698013306,
        0.16194704174995422,
        0.16106829047203064,
        0.1530793309211731
      ],
      "mean_diff_top10": [
        -0.41379639506340027,
        -0.2996421456336975,
        -0.2444603443145752,
        0.3136674463748932,
        0.28835180401802063,
        -0.27876782417297363,
        -0.22490885853767395,
        -0.22965991497039795,
        -0.22172462940216064,
        0.2641243636608124
      ],
      "var_ratio_top10": [
        0.5331640243530273,
        0.2944422960281372,
        0.23471619188785553,
        1.1589102745056152,
        1.2106842994689941,
        0.6782194375991821,
        0.3759233057498932,
        0.4454699456691742,
        0.40466228127479553,
        0.8528825640678406
      ]
    },
    "offset": {
      "feature_name": "offset",
      "N": 7535,
      "D": 4470,
      "n_normal": 6837,
      "n_anomaly": 698,
      "fisher_score_mean": 0.004606329835951328,
      "fisher_score_std": 0.00911249965429306,
      "fisher_score_max": 0.11521599441766739,
      "fisher_score_sum": 20.590293884277344,
      "top_10_dim": [
        3969,
        4428,
        3224,
        2479,
        3683,
        2938,
        4335,
        3780,
        3035,
        2290
      ],
      "top_10_fisher": [
        0.11521599441766739,
        0.1132640540599823,
        0.11093397438526154,
        0.10638358443975449,
        0.10623229295015335,
        0.09741759300231934,
        0.09641799330711365,
        0.0958520919084549,
        0.09442578256130219,
        0.09291838109493256
      ],
      "mean_diff_top10": [
        -0.19314947724342346,
        0.16934028267860413,
        -0.18918690085411072,
        -0.18289776146411896,
        0.1640196442604065,
        0.15539619326591492,
        0.13974794745445251,
        -0.17443762719631195,
        -0.17258435487747192,
        -0.16873815655708313
      ],
      "var_ratio_top10": [
        1.1686137914657593,
        0.592244029045105,
        1.1605966091156006,
        1.1573389768600464,
        0.5901844501495361,
        0.5981565713882446,
        0.3952629566192627,
        1.4059547185897827,
        1.3898478746414185,
        1.4068318605422974
      ]
    },
    "delta": {
      "feature_name": "delta",
      "N": 7535,
      "D": 4470,
      "n_normal": 6837,
      "n_anomaly": 698,
      "fisher_score_mean": 0.005157348234206438,
      "fisher_score_std": 0.010439285077154636,
      "fisher_score_max": 0.16598324477672577,
      "fisher_score_sum": 23.053346633911133,
      "top_10_dim": [
        2100,
        2193,
        3590,
        2479,
        1734,
        3655,
        2845,
        3683,
        1705,
        4400
      ],
      "top_10_fisher": [
        0.16598324477672577,
        0.15621086955070496,
        0.13601964712142944,
        0.12712281942367554,
        0.12169233709573746,
        0.11692453175783157,
        0.11139696091413498,
        0.10562490671873093,
        0.10373897850513458,
        0.09128204733133316
      ],
      "mean_diff_top10": [
        0.017599593847990036,
        0.021883733570575714,
        0.007073705084621906,
        -0.012490572407841682,
        -0.020717089995741844,
        0.006346018984913826,
        0.008697708137333393,
        0.008623466826975346,
        -0.015371191315352917,
        0.004156059585511684
      ],
      "var_ratio_top10": [
        0.23763026297092438,
        0.3019900918006897,
        0.09950566291809082,
        0.7811065912246704,
        0.7987302541732788,
        0.16495352983474731,
        0.1226411685347557,
        0.09140489250421524,
        0.3574058413505554,
        0.08660625666379929
      ]
    }
  },
  "summary": {
    "fisher_sum_original": 21.29884910583496,
    "fisher_sum_offset": 20.590293884277344,
    "fisher_sum_delta": 23.053346633911133,
    "fisher_gain_offset_pct": -3.326730087793823,
    "fisher_gain_delta_pct": 8.237522691287182
  }
}