{
  "dataset": "tolokers",
  "timestamp": "2026-03-31T16:13:40.747915",
  "config": {
    "pp_k": 6,
    "alpha": 0.1
  },
  "fisher_analysis": {
    "original": {
      "feature_name": "original",
      "N": 11758,
      "D": 8,
      "n_normal": 9192,
      "n_anomaly": 2566,
      "fisher_score_mean": 0.04586578533053398,
      "fisher_score_std": 0.06799784302711487,
      "fisher_score_max": 0.1748499721288681,
      "fisher_score_sum": 0.36692628264427185,
      "top_10_dim": [
        2,
        1,
        0,
        5,
        7,
        3,
        6,
        4
      ],
      "top_10_fisher": [
        0.1748499721288681,
        0.14881594479084015,
        0.032579995691776276,
        0.004962742794305086,
        0.003334656823426485,
        0.0016958025516942143,
        0.0003600095515139401,
        0.0003271707973908633
      ],
      "mean_diff_top10": [
        0.21006713807582855,
        -0.3263925611972809,
        -0.07123720645904541,
        0.026446843519806862,
        -0.011767564341425896,
        -0.018919607624411583,
        -0.005784306209534407,
        -0.007507976144552231
      ],
      "var_ratio_top10": [
        0.37093213200569153,
        0.6090565323829651,
        0.8206246495246887,
        1.1963629722595215,
        0.668470025062561,
        1.2465429306030273,
        1.25007164478302,
        0.745521605014801
      ]
    },
    "offset": {
      "feature_name": "offset",
      "N": 11758,
      "D": 48,
      "n_normal": 9192,
      "n_anomaly": 2566,
      "fisher_score_mean": 0.025381900370121002,
      "fisher_score_std": 0.02809000574052334,
      "fisher_score_max": 0.11293665319681168,
      "fisher_score_sum": 1.218331217765808,
      "top_10_dim": [
        47,
        39,
        31,
        23,
        15,
        2,
        10,
        20,
        7,
        28
      ],
      "top_10_fisher": [
        0.11293665319681168,
        0.10364525765180588,
        0.09350693970918655,
        0.08181699365377426,
        0.06629003584384918,
        0.06244105100631714,
        0.051589589565992355,
        0.03967815637588501,
        0.038949284702539444,
        0.03879088535904884
      ],
      "mean_diff_top10": [
        0.07019514590501785,
        0.06532613933086395,
        0.05934837460517883,
        0.0525076650083065,
        0.04457195848226547,
        -0.09214386343955994,
        -0.09426278620958328,
        0.0748816430568695,
        0.033488575369119644,
        0.07955672591924667
      ],
      "var_ratio_top10": [
        0.9536036252975464,
        0.9405504465103149,
        0.8912811279296875,
        0.8059885501861572,
        0.7108219861984253,
        0.6369532942771912,
        0.5404394865036011,
        0.8742080926895142,
        0.7292132377624512,
        0.8559330701828003
      ]
    },
    "delta": {
      "feature_name": "delta",
      "N": 11758,
      "D": 48,
      "n_normal": 9192,
      "n_anomaly": 2566,
      "fisher_score_mean": 0.0470898263156414,
      "fisher_score_std": 0.04413957521319389,
      "fisher_score_max": 0.15639831125736237,
      "fisher_score_sum": 2.2603116035461426,
      "top_10_dim": [
        46,
        38,
        34,
        26,
        30,
        43,
        47,
        17,
        39,
        42
      ],
      "top_10_fisher": [
        0.15639831125736237,
        0.1475459635257721,
        0.13884826004505157,
        0.13663439452648163,
        0.12877272069454193,
        0.10414374619722366,
        0.10335467755794525,
        0.09204178303480148,
        0.08623392879962921,
        0.08568501472473145
      ],
      "mean_diff_top10": [
        0.006461114156991243,
        0.007375419605523348,
        0.01535952277481556,
        0.017981339246034622,
        0.007594154216349125,
        -0.01614364981651306,
        0.00486879562959075,
        -0.06576763093471527,
        0.005978097673505545,
        0.010069171898066998
      ],
      "var_ratio_top10": [
        2.2135937213897705,
        2.2601113319396973,
        0.5158004760742188,
        0.6327900290489197,
        2.1578269004821777,
        2.5107085704803467,
        0.782837450504303,
        2.146465301513672,
        1.143852710723877,
        0.47973236441612244
      ]
    }
  },
  "summary": {
    "fisher_sum_original": 0.36692628264427185,
    "fisher_sum_offset": 1.218331217765808,
    "fisher_sum_delta": 2.2603116035461426,
    "fisher_gain_offset_pct": 232.03705359720917,
    "fisher_gain_delta_pct": 516.0124554875433
  }
}