{
  "dataset": "tolokers",
  "timestamp": "2026-03-31T16:13:24.322042",
  "config": {
    "pp_k": 6,
    "alpha": 0.1
  },
  "mutual_information_analysis": {
    "original": {
      "feature_name": "original",
      "N": 11758,
      "D": 8,
      "mi_label_total": 0.4653463865716745,
      "mi_label_per_dim_mean": 0.05816829832145931,
      "mi_label_per_dim_std": 0.009056864451368175,
      "mi_label_per_dim_max": 0.07862351783871424,
      "top_10_dim": [
        1,
        3,
        2,
        0,
        7,
        6,
        5,
        4
      ],
      "top_10_mi": [
        0.07862351783871424,
        0.06335903719391878,
        0.05881253658806429,
        0.0585770056761703,
        0.05431724815122152,
        0.05383071605660272,
        0.05054291790025833,
        0.0472834071667243
      ]
    },
    "offset": {
      "feature_name": "offset",
      "N": 11758,
      "D": 48,
      "mi_label_total": 0.5456550010211405,
      "mi_label_per_dim_mean": 0.01136781252127376,
      "mi_label_per_dim_std": 0.0071089028525814805,
      "mi_label_per_dim_max": 0.030538445916179935,
      "top_10_dim": [
        39,
        47,
        46,
        41,
        10,
        25,
        33,
        31,
        42,
        26
      ],
      "top_10_mi": [
        0.030538445916179935,
        0.028407109230653926,
        0.023827267408787822,
        0.021167095569108785,
        0.02086827268182523,
        0.020567513652455904,
        0.020349976501349065,
        0.019394309805432997,
        0.018931191715356288,
        0.017425086487256713
      ],
      "mi_redundancy": 3.0371102554510214,
      "reference_name": "original"
    },
    "delta": {
      "feature_name": "delta",
      "N": 11758,
      "D": 48,
      "mi_label_total": 0.6384542342164299,
      "mi_label_per_dim_mean": 0.013301129879508955,
      "mi_label_per_dim_std": 0.010836824807346126,
      "mi_label_per_dim_max": 0.050181303733196625,
      "top_10_dim": [
        46,
        38,
        30,
        47,
        34,
        43,
        39,
        26,
        42,
        17
      ],
      "top_10_mi": [
        0.050181303733196625,
        0.0442775244213498,
        0.031645132201517656,
        0.031248812581069485,
        0.028508909129996596,
        0.028004914054623242,
        0.02593113627288801,
        0.025396554740889865,
        0.024272174751377218,
        0.020857313860130677
      ],
      "mi_redundancy": 3.0371102554510214,
      "reference_name": "original"
    },
    "hop_features": {
      "feature_name": "hop_features",
      "N": 11758,
      "D": 56,
      "mi_label_total": 1.4819388355351526,
      "mi_label_per_dim_mean": 0.026463193491699153,
      "mi_label_per_dim_std": 0.01908525746309489,
      "mi_label_per_dim_max": 0.07820955515910222,
      "top_10_dim": [
        1,
        3,
        0,
        2,
        7,
        6,
        5,
        33,
        50,
        4
      ],
      "top_10_mi": [
        0.07820955515910222,
        0.06214195805977907,
        0.060544684638702995,
        0.05828479546637744,
        0.057111835011090184,
        0.052172595800014765,
        0.04982980141088378,
        0.04979569176996734,
        0.04928706193540622,
        0.04877413165986533
      ]
    }
  },
  "summary": {
    "mi_original_label": 0.4653463865716745,
    "mi_offset_label": 0.5456550010211405,
    "mi_delta_label": 0.6384542342164299,
    "info_gain_offset": 0.08030861444946602,
    "info_gain_delta": 0.1731078476447554,
    "redundancy_offset_original": 3.0371102554510214,
    "redundancy_delta_original": 3.0371102554510214
  }
}