{
  "dataset": "photo",
  "timestamp": "2026-03-31T15:49:20.926247",
  "config": {
    "pp_k": 6,
    "alpha": 0.1
  },
  "mutual_information_analysis": {
    "original": {
      "feature_name": "original",
      "N": 7535,
      "D": 745,
      "mi_label_total": 2.0857591755364924,
      "mi_label_per_dim_mean": 0.002799676745686567,
      "mi_label_per_dim_std": 0.0032006152537668122,
      "mi_label_per_dim_max": 0.031188451698370034,
      "top_10_dim": [
        703,
        239,
        610,
        590,
        215,
        546,
        116,
        718,
        289,
        95
      ],
      "top_10_mi": [
        0.031188451698370034,
        0.02447149143093963,
        0.02128273687236093,
        0.01889772797815259,
        0.017902437689685247,
        0.013809817779292466,
        0.013717956978825052,
        0.013319059114328402,
        0.012921324519131305,
        0.012835792388232958
      ]
    },
    "offset": {
      "feature_name": "offset",
      "N": 7535,
      "D": 4470,
      "mi_label_total": 57.14359139896436,
      "mi_label_per_dim_mean": 0.012783801207822005,
      "mi_label_per_dim_std": 0.008020349266440754,
      "mi_label_per_dim_max": 0.051935022906390405,
      "top_10_dim": [
        2364,
        1598,
        853,
        610,
        1448,
        3854,
        2100,
        3670,
        1355,
        3109
      ],
      "top_10_mi": [
        0.051935022906390405,
        0.04938924533616973,
        0.04878898454253067,
        0.04875185937639581,
        0.048472094900909424,
        0.04794398311713777,
        0.04791084206390406,
        0.047088556239931245,
        0.04691087923562898,
        0.04663849958326627
      ],
      "mi_redundancy": 4.603715682414821,
      "reference_name": "original"
    },
    "delta": {
      "feature_name": "delta",
      "N": 7535,
      "D": 4470,
      "mi_label_total": 64.40844601881633,
      "mi_label_per_dim_mean": 0.014409048326357123,
      "mi_label_per_dim_std": 0.008173206449484506,
      "mi_label_per_dim_max": 0.04875185937639581,
      "top_10_dim": [
        610,
        4335,
        3685,
        3965,
        4400,
        4342,
        4448,
        3311,
        3195,
        3220
      ],
      "top_10_mi": [
        0.04875185937639581,
        0.047290548959593615,
        0.04687350018288039,
        0.04608968102128297,
        0.04552742458729497,
        0.04533277100021227,
        0.04480928711990928,
        0.04449663723793029,
        0.04391261978399208,
        0.043500485747815176
      ],
      "mi_redundancy": 4.603715682414821,
      "reference_name": "original"
    },
    "hop_features": {
      "feature_name": "hop_features",
      "N": 7535,
      "D": 5215,
      "mi_label_total": 56.49718832026417,
      "mi_label_per_dim_mean": 0.010833593158248164,
      "mi_label_per_dim_std": 0.008162236074704166,
      "mi_label_per_dim_max": 0.0579228013587747,
      "top_10_dim": [
        2193,
        1448,
        3683,
        2938,
        3964,
        4428,
        5173,
        4709,
        2343,
        1355
      ],
      "top_10_mi": [
        0.0579228013587747,
        0.05250161869983705,
        0.05176642464104986,
        0.05082453029190215,
        0.0497591239107571,
        0.04958674826063314,
        0.04868390430785996,
        0.04858957164775912,
        0.04738889939400548,
        0.04713417592274238
      ]
    }
  },
  "summary": {
    "mi_original_label": 2.0857591755364924,
    "mi_offset_label": 57.14359139896436,
    "mi_delta_label": 64.40844601881633,
    "info_gain_offset": 55.057832223427866,
    "info_gain_delta": 62.32268684327984,
    "redundancy_offset_original": 4.603715682414821,
    "redundancy_delta_original": 4.603715682414821
  }
}