{
  "dataset": "photo",
  "config": {
    "k": 6,
    "k_values": [
      3,
      6,
      9,
      12
    ],
    "alpha_values": [
      0.0,
      0.1,
      0.2
    ]
  },
  "timestamp": "2026-03-31T21:21:01.660183",
  "attention": {
    "hop": {
      "strategy": "hop",
      "num_tokens": 7,
      "token_mean_norms": [
        14.960335731506348,
        10.00826358795166,
        9.813472747802734,
        9.608375549316406,
        9.566843032836914,
        9.491069793701172,
        9.45436954498291
      ],
      "token_std_norms": [
        6.0017571449279785,
        5.607727527618408,
        5.112159729003906,
        5.154730796813965,
        5.015168190002441,
        4.996412754058838,
        4.935947895050049
      ],
      "attention_scores": [
        1.0,
        0.593450129032135,
        0.6575906872749329,
        0.6127954125404358,
        0.62056964635849,
        0.6074649691581726,
        0.6113277673721313
      ],
      "attention_weights": [
        0.1963670700788498,
        0.13076944649219513,
        0.1394319087266922,
        0.13332384824752808,
        0.13436438143253326,
        0.13261505961418152,
        0.1331283152103424
      ],
      "token_0_attention_to_self": 0.1963670700788498,
      "deep_token_attention": 0.13336925208568573
    },
    "offset": {
      "strategy": "offset",
      "num_tokens": 7,
      "token_mean_norms": [
        14.960335731506348,
        11.428200721740723,
        10.613163948059082,
        11.257681846618652,
        11.159199714660645,
        11.367802619934082,
        11.331816673278809
      ],
      "token_std_norms": [
        6.0017571449279785,
        2.72755765914917,
        2.531421661376953,
        2.6277048587799072,
        2.665847063064575,
        2.637835741043091,
        2.718129873275757
      ],
      "attention_scores": [
        1.0,
        -0.7153017520904541,
        -0.7318404316902161,
        -0.7370206117630005,
        -0.739542543888092,
        -0.7431220412254333,
        -0.7434127330780029
      ],
      "attention_weights": [
        0.4858122766017914,
        0.08740220218896866,
        0.08596856892108917,
        0.08552438765764236,
        0.0853089764714241,
        0.08500415831804276,
        0.08497945964336395
      ],
      "token_0_attention_to_self": 0.4858122766017914,
      "deep_token_attention": 0.0850975289940834
    },
    "delta": {
      "strategy": "delta",
      "num_tokens": 7,
      "token_mean_norms": [
        14.960335731506348,
        11.428200721740723,
        2.574082136154175,
        1.1263885498046875,
        0.6410858035087585,
        0.42945724725723267,
        0.3232598900794983
      ],
      "token_std_norms": [
        6.0017571449279785,
        2.72755765914917,
        1.529321551322937,
        1.1699835062026978,
        1.028383493423462,
        0.9717732667922974,
        0.9486528635025024
      ],
      "attention_scores": [
        1.0,
        -0.7356560230255127,
        0.1685459315776825,
        -0.4246906638145447,
        0.024305056780576706,
        -0.29430845379829407,
        -0.09086757153272629
      ],
      "attention_weights": [
        0.3522087037563324,
        0.06208893656730652,
        0.15335719287395477,
        0.08473537862300873,
        0.13275811076164246,
        0.09653593599796295,
        0.1183156743645668
      ],
      "token_0_attention_to_self": 0.3522087037563324,
      "deep_token_attention": 0.1158699095249176
    },
    "comparison": {
      "hop_attention_weight_0": 0.1963670700788498,
      "offset_attention_weight_0": 0.4858122766017914,
      "delta_attention_weight_0": 0.3522087037563324,
      "hop_deep_attention": 0.13336925208568573,
      "offset_deep_attention": 0.0850975289940834,
      "delta_deep_attention": 0.1158699095249176
    }
  },
  "parameter_sensitivity": {
    "k_sensitivity": {
      "3": {
        "hop": {
          "deep_attention": 0.22449548542499542,
          "attention_concentration": 0.3265135586261749,
          "token_norm_variance": 4.9935383534632365
        },
        "offset": {
          "deep_attention": 0.11498654633760452,
          "attention_concentration": 0.6550403833389282,
          "token_norm_variance": 2.887018186504747
        },
        "delta": {
          "deep_attention": 0.15290288627147675,
          "attention_concentration": 0.5412914156913757,
          "token_norm_variance": 33.99324482219587
        }
      },
      "6": {
        "hop": {
          "deep_attention": 0.13368505239486694,
          "attention_concentration": 0.19507896900177002,
          "token_norm_variance": 3.4762595517999477
        },
        "offset": {
          "deep_attention": 0.08531909435987473,
          "attention_concentration": 0.48559609055519104,
          "token_norm_variance": 1.8017284583464581
        },
        "delta": {
          "deep_attention": 0.116826631128788,
          "attention_concentration": 0.3498285710811615,
          "token_norm_variance": 31.630665071714013
        }
      },
      "9": {
        "hop": {
          "deep_attention": 0.094688780605793,
          "attention_concentration": 0.1402001529932022,
          "token_norm_variance": 2.65785759755855
        },
        "offset": {
          "deep_attention": 0.06742814183235168,
          "attention_concentration": 0.3900202810764313,
          "token_norm_variance": 1.2755391929725737
        },
        "delta": {
          "deep_attention": 0.07997105270624161,
          "attention_concentration": 0.2651877999305725,
          "token_norm_variance": 25.967295795677177
        }
      },
      "12": {
        "hop": {
          "deep_attention": 0.0737333744764328,
          "attention_concentration": 0.10751678794622421,
          "token_norm_variance": 2.1585533260704155
        },
        "offset": {
          "deep_attention": 0.05583701655268669,
          "attention_concentration": 0.32510942220687866,
          "token_norm_variance": 0.9833708465087796
        },
        "delta": {
          "deep_attention": 0.0660950317978859,
          "attention_concentration": 0.21528033912181854,
          "token_norm_variance": 21.624197772603495
        }
      }
    },
    "alpha_sensitivity": {
      "0.0": {
        "hop": {
          "deep_attention": 0.13420313596725464,
          "attention_concentration": 0.19186154007911682,
          "token_norm_variance": 3.4762595517999477
        },
        "offset": {
          "deep_attention": 0.08509229868650436,
          "attention_concentration": 0.4858136475086212,
          "token_norm_variance": 1.8017284583464581
        },
        "delta": {
          "deep_attention": 0.11703724414110184,
          "attention_concentration": 0.3496968746185303,
          "token_norm_variance": 31.630665071714013
        }
      },
      "0.1": {
        "hop": {
          "deep_attention": 0.13629737496376038,
          "attention_concentration": 0.1820567399263382,
          "token_norm_variance": 3.2352737420449706
        },
        "offset": {
          "deep_attention": 0.08523640781641006,
          "attention_concentration": 0.48543238639831543,
          "token_norm_variance": 3.0148998267520386
        },
        "delta": {
          "deep_attention": 0.11654037237167358,
          "attention_concentration": 0.3509736657142639,
          "token_norm_variance": 30.681115324608605
        }
      },
      "0.2": {
        "hop": {
          "deep_attention": 0.13838015496730804,
          "attention_concentration": 0.17040228843688965,
          "token_norm_variance": 2.875472302885583
        },
        "offset": {
          "deep_attention": 0.08495727181434631,
          "attention_concentration": 0.48686784505844116,
          "token_norm_variance": 4.530941673734672
        },
        "delta": {
          "deep_attention": 0.11549826711416245,
          "attention_concentration": 0.35034987330436707,