{
  "dataset": "elliptic",
  "sample_size": 3000,
  "k": 6,
  "hop": {
    "strategy": "hop",
    "attention_weights": [
      0.29865869879722595,
      0.11350949853658676,
      0.12027091532945633,
      0.11350949853658676,
      0.12027091532945633,
      0.11350949853658676,
      0.12027091532945633
    ],
    "token_0_attention": 0.29865869879722595,
    "deep_attention": 0.11801710724830627
  },
  "offset": {
    "strategy": "offset",
    "attention_weights": [
      0.5352116823196411,
      0.0760863795876503,
      0.07883598655462265,
      0.0760863795876503,
      0.0788465365767479,
      0.0760863795876503,
      0.0788465365767479
    ],
    "token_0_attention": 0.5352116823196411,
    "deep_attention": 0.07792648673057556
  },
  "delta": {
    "strategy": "delta",
    "attention_weights": [
      0.33294010162353516,
      0.047941818833351135,
      0.12860730290412903,
      0.11664807796478271,
      0.12860730290412903,
      0.11664807796478271,
      0.12860730290412903
    ],
    "token_0_attention": 0.33294010162353516,
    "deep_attention": 0.12462089210748672
  }
}