{
  "dataset": "tolokers",
  "config": {
    "k": 6,
    "k_values": [
      3,
      6,
      9,
      12
    ],
    "alpha_values": [
      0.0,
      0.1,
      0.2
    ]
  },
  "timestamp": "2026-03-31T21:21:52.867112",
  "attention": {
    "hop": {
      "strategy": "hop",
      "num_tokens": 7,
      "token_mean_norms": [
        1.8769601583480835,
        1.9804511070251465,
        2.8688509464263916,
        3.8299665451049805,
        4.79701566696167,
        5.6797194480896,
        6.429335117340088
      ],
      "token_std_norms": [
        0.13932912051677704,
        1.3147094249725342,
        2.0436267852783203,
        2.9623045921325684,
        3.8841185569763184,
        4.745544910430908,
        5.489624500274658
      ],
      "attention_scores": [
        1.0,
        0.9129639267921448,
        0.8867441415786743,
        0.87452232837677,
        0.8683007955551147,
        0.8649473786354065,
        0.8632182478904724
      ],
      "attention_weights": [
        0.1583762913942337,
        0.14517466723918915,
        0.14141768217086792,
        0.13969983160495758,
        0.13883338868618011,
        0.13836859166622162,
        0.13812953233718872
      ],
      "token_0_attention_to_self": 0.1583762913942337,
      "deep_token_attention": 0.13844384253025055
    },
    "offset": {
      "strategy": "offset",
      "num_tokens": 7,
      "token_mean_norms": [
        1.8769601583480835,
        1.1677381992340088,
        1.7912951707839966,
        2.597720146179199,
        3.4640982151031494,
        4.283662796020508,
        4.993566513061523
      ],
      "token_std_norms": [
        0.13932912051677704,
        1.0116946697235107,
        1.7496498823165894,
        2.722646713256836,
        3.6943132877349854,
        4.592718124389648,
        5.361757278442383
      ],
      "attention_scores": [
        1.0,
        -0.28232046961784363,
        0.04521780088543892,
        0.25264599919319153,
        0.3831483721733093,
        0.46350908279418945,
        0.5190009474754333
      ],
      "attention_weights": [
        0.25783100724220276,
        0.07152047753334045,
        0.09923810511827469,
        0.1221134141087532,
        0.13913609087467194,
        0.15077872574329376,
        0.15938222408294678
      ],
      "token_0_attention_to_self": 0.25783100724220276,
      "deep_token_attention": 0.14976568520069122
    },
    "delta": {
      "strategy": "delta",
      "num_tokens": 7,
      "token_mean_norms": [
        1.8769601583480835,
        1.1677381992340088,
        0.9757073521614075,
        0.9864714741706848,
        0.9813216328620911,
        0.8929024338722229,
        0.7587103843688965
      ],
      "token_std_norms": [
        0.13932912051677704,
        1.0116946697235107,
        0.8172378540039062,
        0.961397111415863,
        0.9641848802566528,
        0.8986964225769043,
        0.7767876982688904
      ],
      "attention_scores": [
        1.0,
        -0.27386900782585144,
        0.5398537516593933,
        0.6896220445632935,
        0.7309063673019409,
        0.7412450909614563,
        0.7488065361976624
      ],
      "attention_weights": [
        0.2016916275024414,
        0.05642265826463699,
        0.1273059993982315,
        0.14787419140338898,
        0.15410685539245605,
        0.15570838749408722,
        0.15689024329185486
      ],
      "token_0_attention_to_self": 0.2016916275024414,
      "deep_token_attention": 0.15556849539279938
    },
    "comparison": {
      "hop_attention_weight_0": 0.1583762913942337,
      "offset_attention_weight_0": 0.25783100724220276,
      "delta_attention_weight_0": 0.2016916275024414,
      "hop_deep_attention": 0.13844384253025055,
      "offset_deep_attention": 0.14976568520069122,
      "delta_deep_attention": 0.15556849539279938
    }
  },
  "parameter_sensitivity": {
    "k_sensitivity": {
      "3": {
        "hop": {
          "deep_attention": 0.24317674338817596,
          "attention_concentration": 0.2704697549343109,
          "token_norm_variance": 0.6214060301883135
        },
        "offset": {
          "deep_attention": 0.1776420921087265,
          "attention_concentration": 0.46707382798194885,
          "token_norm_variance": 0.2571138839838234
        },
        "delta": {
          "deep_attention": 0.20395785570144653,
          "attention_concentration": 0.388126403093338,
          "token_norm_variance": 0.1361294901726371
        }
      },
      "6": {
        "hop": {
          "deep_attention": 0.13870972394943237,
          "attention_concentration": 0.15717320144176483,
          "token_norm_variance": 2.744477538693455
        },
        "offset": {
          "deep_attention": 0.15051259100437164,
          "attention_concentration": 0.2575055658817291,
          "token_norm_variance": 1.7116372249461531
        },
        "delta": {
          "deep_attention": 0.15393322706222534,
          "attention_concentration": 0.20406191051006317,
          "token_norm_variance": 0.11564685404894386
        }
      },
      "9": {
        "hop": {
          "deep_attention": 0.09760700911283493,
          "attention_concentration": 0.11221008002758026,
          "token_norm_variance": 4.544913954599795
        },
        "offset": {
          "deep_attention": 0.11141001433134079,
          "attention_concentration": 0.16851955652236938,
          "token_norm_variance": 3.218625844157851
        },
        "delta": {
          "deep_attention": 0.10584954172372818,
          "attention_concentration": 0.1387634128332138,
          "token_norm_variance": 0.16441029873095384
        }
      },
      "12": {
        "hop": {
          "deep_attention": 0.07551338523626328,
          "attention_concentration": 0.08674667775630951,
          "token_norm_variance": 5.306055991437162
        },
        "offset": {
          "deep_attention": 0.08566757291555405,
          "attention_concentration": 0.12455616146326065,
          "token_norm_variance": 3.935107247477466
        },
        "delta": {
          "deep_attention": 0.0753079429268837,
          "attention_concentration": 0.1058892086148262,
          "token_norm_variance": 0.21985873337441592
        }
      }
    },
    "alpha_sensitivity": {
      "0.0": {
        "hop": {
          "deep_attention": 0.13856033980846405,
          "attention_concentration": 0.15781454741954803,
          "token_norm_variance": 2.744477538693455
        },
        "offset": {
          "deep_attention": 0.1497393399477005,
          "attention_concentration": 0.2617437541484833,
          "token_norm_variance": 1.7116372249461531
        },
        "delta": {
          "deep_attention": 0.155824676156044,
          "attention_concentration": 0.20001912117004395,
          "token_norm_variance": 0.11564685404894386
        }
      },
      "0.1": {
        "hop": {
          "deep_attention": 0.13888780772686005,
          "attention_concentration": 0.1555177867412567,
          "token_norm_variance": 1.2596220355327936
        },
        "offset": {
          "deep_attention": 0.14330501854419708,
          "attention_concentration": 0.2718430757522583,
          "token_norm_variance": 0.6577326389985253
        },
        "delta": {
          "deep_attention": 0.15527985990047455,
          "attention_concentration": 0.20395497977733612,
          "token_norm_variance": 0.20878077571407386
        }
      },
      "0.2": {
        "hop": {
          "deep_attention": 0.1395939737558365,
          "attention_concentration": 0.1532348096370697,
          "token_norm_variance": 0.552254055365449
        },
        "offset": {
          "deep_attention": 0.13936425745487213,
          "attention_concentration": 0.2775094211101532,
          "token_norm_variance": 0.24410068770475282
        },
        "delta": {
          "deep_attention": 0.15358251333236694,
          "attention_concentration": 0.20304648578166962,