{
  "dataset": "elliptic",
  "config": {
    "k": 6,
    "k_values": [
      3,
      6,
      9,
      12
    ],
    "alpha_values": [
      0.0,
      0.1,
      0.2
    ]
  },
  "timestamp": "2026-03-31T21:24:54.572118",
  "attention": {
    "hop": {
      "strategy": "hop",
      "num_tokens": 7,
      "token_mean_norms": [
        10.423396110534668,
        7.078457355499268,
        6.480057716369629,
        6.309849739074707,
        6.053697109222412,
        5.983703136444092,
        5.821343421936035
      ],
      "token_std_norms": [
        10.997212409973145,
        9.24359130859375,
        8.838346481323242,
        8.496793746948242,
        8.383489608764648,
        8.218994140625,
        8.174500465393066
      ],
      "attention_scores": [
        1.0,
        0.28786781430244446,
        0.5780559182167053,
        0.2911475896835327,
        0.5271927118301392,
        0.2878831923007965,
        0.4961753189563751
      ],
      "attention_weights": [
        0.2295343428850174,
        0.11260886490345001,
        0.1505218744277954,
        0.11297879368066788,
        0.14305730164051056,
        0.1126105934381485,
        0.13868814706802368
      ],
      "token_0_attention_to_self": 0.2295343428850174,
      "deep_token_attention": 0.13145200908184052
    },
    "offset": {
      "strategy": "offset",
      "num_tokens": 7,
      "token_mean_norms": [
        10.423396110534668,
        10.13776969909668,
        6.065116882324219,
        9.777260780334473,
        6.753539562225342,
        9.678888320922852,
        7.089620590209961
      ],
      "token_std_norms": [
        10.997212409973145,
        11.278138160705566,
        6.464434623718262,
        10.854546546936035,
        7.119722366333008,
        10.721695899963379,
        7.483455181121826
      ],
      "attention_scores": [
        1.0,
        -0.7198869585990906,
        -0.7110714316368103,
        -0.762224018573761,
        -0.7342839241027832,
        -0.7811532616615295,
        -0.7461488246917725
      ],
      "attention_weights": [
        0.4876060485839844,
        0.08732359856367111,
        0.08809680491685867,
        0.08370374888181686,
        0.08607541024684906,
        0.0821341946721077,
        0.08506017178297043
      ],
      "token_0_attention_to_self": 0.4876060485839844,
      "deep_token_attention": 0.08442326635122299
    },
    "delta": {
      "strategy": "delta",
      "num_tokens": 7,
      "token_mean_norms": [
        10.423396110534668,
        10.13776969909668,
        6.4056172370910645,
        5.69766902923584,
        5.327466011047363,
        5.026122570037842,
        4.82133674621582
      ],
      "token_std_norms": [
        10.997212409973145,
        11.278138160705566,
        9.297539710998535,
        8.679930686950684,
        8.29857349395752,
        8.080421447753906,
        7.915631294250488
      ],
      "attention_scores": [
        1.0,
        -0.7146251201629639,
        0.23794493079185486,
        -0.3015352785587311,
        0.2235502302646637,
        -0.2590807378292084,
        0.207502543926239
      ],
      "attention_weights": [
        0.320974200963974,
        0.05778536573052406,
        0.14980067312717438,
        0.08734146505594254,
        0.1476597785949707,
        0.0911293476819992,
        0.14530909061431885
      ],
      "token_0_attention_to_self": 0.320974200963974,
      "deep_token_attention": 0.12803274393081665
    },
    "comparison": {
      "hop_attention_weight_0": 0.2295343428850174,
      "offset_attention_weight_0": 0.4876060485839844,
      "delta_attention_weight_0": 0.320974200963974,
      "hop_deep_attention": 0.13145200908184052,
      "offset_deep_attention": 0.08442326635122299,
      "delta_deep_attention": 0.12803274393081665
    }
  },
  "parameter_sensitivity": {
    "k_sensitivity": {
      "3": {
        "hop": {
          "deep_attention": 0.2072693109512329,
          "attention_concentration": 0.37819212675094604,
          "token_norm_variance": 2.789850454228528
        },
        "offset": {
          "deep_attention": 0.11646395921707153,
          "attention_concentration": 0.6506081223487854,
          "token_norm_variance": 3.1243844443063153
        },
        "delta": {
          "deep_attention": 0.15997819602489471,
          "attention_concentration": 0.520065426826477,
          "token_norm_variance": 4.543829537055032
        }
      },
      "6": {
        "hop": {
          "deep_attention": 0.13173764944076538,
          "attention_concentration": 0.23315131664276123,
          "token_norm_variance": 2.2409902675963167
        },
        "offset": {
          "deep_attention": 0.08469808846712112,
          "attention_concentration": 0.4859068989753723,
          "token_norm_variance": 2.9064270565574626
        },
        "delta": {
          "deep_attention": 0.12774229049682617,
          "attention_concentration": 0.3202337324619293,
          "token_norm_variance": 4.980328156200153
        }
      },
      "9": {
        "hop": {
          "deep_attention": 0.08853281289339066,
          "attention_concentration": 0.16717283427715302,
          "token_norm_variance": 1.8612605473034916
        },
        "offset": {
          "deep_attention": 0.06691128760576248,
          "attention_concentration": 0.385018527507782,
          "token_norm_variance": 2.415558756181608
        },
        "delta": {
          "deep_attention": 0.08308720588684082,
          "attention_concentration": 0.2408507615327835,
          "token_norm_variance": 4.632801951518425
        }
      },
      "12": {
        "hop": {
          "deep_attention": 0.07300958782434464,
          "attention_concentration": 0.12963490188121796,
          "token_norm_variance": 1.61014443148157
        },
        "offset": {
          "deep_attention": 0.055187832564115524,
          "attention_concentration": 0.326375275850296,
          "token_norm_variance": 2.1268332584662555
        },
        "delta": {
          "deep_attention": 0.07414274662733078,
          "attention_concentration": 0.18743464350700378,
          "token_norm_variance": 4.249620566329114
        }
      }
    },
    "alpha_sensitivity": {
      "0.0": {
        "hop": {
          "deep_attention": 0.13086414337158203,
          "attention_concentration": 0.23462162911891937,
          "token_norm_variance": 2.2409902675963167
        },
        "offset": {
          "deep_attention": 0.08582118898630142,
          "attention_concentration": 0.4784400463104248,
          "token_norm_variance": 2.9064270565574626
        },
        "delta": {
          "deep_attention": 0.12860709428787231,
          "attention_concentration": 0.3195667266845703,
          "token_norm_variance": 4.980328156200153
        }
      },
      "0.1": {
        "hop": {
          "deep_attention": 0.14154638350009918,
          "attention_concentration": 0.17806805670261383,
          "token_norm_variance": 2.2462975128450293
        },
        "offset": {
          "deep_attention": 0.08285454660654068,
          "attention_concentration": 0.49417823553085327,
          "token_norm_variance": 2.4815241125300567
        },
        "delta": {
          "deep_attention": 0.12806208431720734,
          "attention_concentration": 0.32066428661346436,
          "token_norm_variance": 8.327780299581082
        }
      },
      "0.2": {
        "hop": {
          "deep_attention": 0.1419438272714615,
          "attention_concentration": 0.17125505208969116,
          "token_norm_variance": 1.9805751480369196
        },
        "offset": {
          "deep_attention": 0.08309323340654373,
          "attention_concentration": 0.49318841099739075,
          "token_norm_variance": 2.568500586989084
        },
        "delta": {
          "deep_attention": 0.12824153900146484,
          "attention_concentration": 0.3207944333553314,