{
  "status": "finished",
  "done": 5,
  "total": 5,
  "devices": [
    0,
    1,
    2,
    3,
    4,
    5,
    6,
    7
  ],
  "current": null,
  "errors": [],
  "partial": [
    {
      "variant": "old_exact_080_regime",
      "summary": {
        "n_rows": 5,
        "score_summary": {
          "col_top4_mean": {
            "auc": {
              "mean": 0.7847379871085136,
              "std": 0.019261021214602922,
              "min": 0.7575638590966881,
              "max": 0.8123017815341731
            },
            "ap": {
              "mean": 0.39767124247483815,
              "std": 0.031043880707665363,
              "min": 0.3451371310996253,
              "max": 0.43577979397614885
            },
            "spearman_with_mat_mean": {
              "mean": 0.7608770529461971,
              "std": 0.008156857629367024,
              "min": 0.7476413573617905,
              "max": 0.7715936914538994
            }
          },
          "margin": {
            "auc": {
              "mean": 0.7863284718964687,
              "std": 0.012602724967900204,
              "min": 0.7746664202700398,
              "max": 0.8099906063026041
            },
            "ap": {
              "mean": 0.4984042857584656,
              "std": 0.01930240683155156,
              "min": 0.48137848981695225,
              "max": 0.5246071887980208
            },
            "spearman_with_mat_mean": {
              "mean": 0.7071406960532798,
              "std": 0.020479840108584717,
              "min": 0.674833830558642,
              "max": 0.7371311406627059
            }
          },
          "mat_mean": {
            "auc": {
              "mean": 0.8058902364556466,
              "std": 0.010317466618439833,
              "min": 0.7879144871710031,
              "max": 0.8164989991966463
            },
            "ap": {
              "mean": 0.5449038983029783,
              "std": 0.03193128366598363,
              "min": 0.49122885632222313,
              "max": 0.5898151559130447
            },
            "spearman_with_mat_mean": {
              "mean": 1.0,
              "std": 8.599750569898517e-17,
              "min": 0.9999999999999999,
              "max": 1.0
            }
          },
          "mat_std": {
            "auc": {
              "mean": 0.22953320051894394,
              "std": 0.025358688588432352,
              "min": 0.21229029302745459,
              "max": 0.27954880782328334
            },
            "ap": {
              "mean": 0.05887285263997196,
              "std": 0.00187536759079261,
              "min": 0.057747416616529434,
              "max": 0.06261440040309284
            },
            "spearman_with_mat_mean": {
              "mean": -0.6167209939415778,
              "std": 0.027183369617455534,
              "min": -0.641637007906212,
              "max": -0.5666411524244065
            }
          },
          "mean_q75_blend": {
            "auc": {
              "mean": 0.8041164492301185,
              "std": 0.010973730088086471,
              "min": 0.7886917664475473,
              "max": 0.8162657633530742
            },
            "ap": {
              "mean": 0.5497271747453485,
              "std": 0.029791858364449635,
              "min": 0.501322803675798,
              "max": 0.5930787549735874
            },
            "spearman_with_mat_mean": {
              "mean": 0.9612276565678985,
              "std": 0.0023324325321075912,
              "min": 0.9582435385987237,
              "max": 0.9645169902884553
            }
          },
          "mean_top16_blend": {
            "auc": {
              "mean": 0.8054749540665478,
              "std": 0.010497875674473705,
              "min": 0.7913799399206414,
              "max": 0.8170254619037141
            },
            "ap": {
              "mean": 0.5490067812201563,
              "std": 0.03057948416276382,
              "min": 0.498816227433706,
              "max": 0.5931912154511586
            },
            "spearman_with_mat_mean": {
              "mean": 0.9740085627983909,
              "std": 0.0017903691481797345,
              "min": 0.9714525096250342,
              "max": 0.9761233120650314
            }
          },
          "q50_median": {
            "auc": {
              "mean": 0.7920450097108541,
              "std": 0.0128388360835798,
              "min": 0.7699330190993777,
              "max": 0.8074067343257859
            },
            "ap": {
              "mean": 0.48092474269777663,
              "std": 0.022708430604066507,
              "min": 0.448348207270407,
              "max": 0.5148685784826954
            },
            "spearman_with_mat_mean": {
              "mean": 0.8851061296978123,
              "std": 0.004074465822909916,
              "min": 0.8788766249989668,
              "max": 0.8911622748827613
            }
          },
          "q75": {
            "auc": {
              "mean": 0.7793310106641422,
              "std": 0.01196646458609432,
              "min": 0.7606953390120362,
              "max": 0.7945325912071474
            },
            "ap": {
              "mean": 0.4270768198499956,
              "std": 0.016990268991021268,
              "min": 0.40585031329236654,
              "max": 0.4501097927916641
            },
            "spearman_with_mat_mean": {
              "mean": 0.7159895728022924,
              "std": 0.008360036702922373,
              "min": 0.7042992354915283,
              "max": 0.7279747319152617
            }
          },
          "q90": {
            "auc": {
              "mean": 0.7708169650032015,
              "std": 0.015368622302933701,
              "min": 0.7441531218455749,
              "max": 0.7897505975228074
            },
            "ap": {
              "mean": 0.3682541399832111,
              "std": 0.018481949577110378,
              "min": 0.33654818918388263,
              "max": 0.3859980355167694
            },
            "spearman_with_mat_mean": {
              "mean": 0.5767031246742489,
              "std": 0.006822904719937842,
              "min": 0.5672275106782431,
              "max": 0.5848075671586793
            }
          },
          "row_top2_mean": {
            "auc": {
              "mean": 0.7849743685645252,
              "std": 0.00613621506754079,
              "min": 0.7765451958754342,
              "max": 0.790719534164164
            },
            "ap": {
              "mean": 0.5307489729610945,
              "std": 0.02437566978553194,
              "min": 0.4975310542246437,
              "max": 0.565390434569438
            },
            "spearman_with_mat_mean": {
              "mean": 0.8691138427392865,
              "std": 0.0070220395975266045,
              "min": 0.8614167312855959,
              "max": 0.880416597545861
            }
          },
          "top16_mean": {
            "auc": {
              "mean": 0.7763670904708564,
              "std": 0.014070084237447092,
              "min": 0.752176934502779,
              "max": 0.7927678718191488
            },
            "ap": {
              "mean": 0.41236647338376925,
              "std": 0.020495289443870114,
              "min": 0.3801457259320658,
              "max": 0.4371874355647202
            },
            "spearman_with_mat_mean": {
              "mean": 0.6445639231484099,
              "std": 0.009494675842774337,
              "min": 0.6318664863914542,
              "max": 0.6565467089482729
            }
          },
          "top8_mean": {
            "auc": {
              "mean": 0.7675383620831069,
              "std": 0.01708472022779851,
              "min": 0.7370285615769807,
              "max": 0.7874352744700911
            },
            "ap": {
              "mean": 0.36336575789062076,
              "std": 0.02013732491801869,
              "min": 0.32992604501336537,
              "max": 0.38383320537577575
            },