{
  "status": "finished",
  "done": 5,
  "total": 5,
  "devices": [
    0,
    1,
    2,
    3,
    4,
    5,
    6,
    7
  ],
  "current": null,
  "errors": [],
  "partial": [
    {
      "variant": "old_exact_080_regime",
      "summary": {
        "n_rows": 5,
        "score_summary": {
          "col_top4_mean": {
            "auc": {
              "mean": 0.7805886521425716,
              "std": 0.02305796969410253,
              "min": 0.746234228941478,
              "max": 0.8078494853360866
            },
            "ap": {
              "mean": 0.3908408127130395,
              "std": 0.037913922519754645,
              "min": 0.34660333809947774,
              "max": 0.45130349597490726
            },
            "spearman_with_mat_mean": {
              "mean": 0.7600768745247187,
              "std": 0.006593733503973856,
              "min": 0.7496823480144735,
              "max": 0.7697750217742004
            }
          },
          "margin": {
            "auc": {
              "mean": 0.7832513314531591,
              "std": 0.010214434166258567,
              "min": 0.7660349817940801,
              "max": 0.796257215657439
            },
            "ap": {
              "mean": 0.47757725199993706,
              "std": 0.03033704940347469,
              "min": 0.44018669587790077,
              "max": 0.5202938816953082
            },
            "spearman_with_mat_mean": {
              "mean": 0.7017022648156118,
              "std": 0.006096279633755894,
              "min": 0.6947642064007201,
              "max": 0.7123757166427046
            }
          },
          "mat_mean": {
            "auc": {
              "mean": 0.8038671694868622,
              "std": 0.013385452660276487,
              "min": 0.7835871915538036,
              "max": 0.8179812673958979
            },
            "ap": {
              "mean": 0.5231017070402111,
              "std": 0.06557331816693006,
              "min": 0.40619375779641154,
              "max": 0.6035956861882901
            },
            "spearman_with_mat_mean": {
              "mean": 1.0,
              "std": 4.965068306494546e-17,
              "min": 0.9999999999999999,
              "max": 1.0
            }
          },
          "mat_std": {
            "auc": {
              "mean": 0.25766715883689717,
              "std": 0.05022192573067561,
              "min": 0.21138411495020548,
              "max": 0.3553983118285789
            },
            "ap": {
              "mean": 0.06125644189965226,
              "std": 0.004389271477369247,
              "min": 0.05732073381546895,
              "max": 0.06983223274560292
            },
            "spearman_with_mat_mean": {
              "mean": -0.5881265314371855,
              "std": 0.023915651682721403,
              "min": -0.6120063388889115,
              "max": -0.5484491184414024
            }
          },
          "mean_q75_blend": {
            "auc": {
              "mean": 0.804858621823579,
              "std": 0.011783953556653766,
              "min": 0.7898134651552497,
              "max": 0.8179068195521162
            },
            "ap": {
              "mean": 0.5302579079142723,
              "std": 0.06036831932550589,
              "min": 0.4250515185990378,
              "max": 0.6058620626916518
            },
            "spearman_with_mat_mean": {
              "mean": 0.9590136929803013,
              "std": 0.0009665582103590477,
              "min": 0.9581557601892675,
              "max": 0.9608856799551293
            }
          },
          "mean_top16_blend": {
            "auc": {
              "mean": 0.8060412971317884,
              "std": 0.012091840501883798,
              "min": 0.7883011525042253,
              "max": 0.8188505175460487
            },
            "ap": {
              "mean": 0.52941659694755,
              "std": 0.06176308836042071,
              "min": 0.4205609623711585,
              "max": 0.6060440938354795
            },
            "spearman_with_mat_mean": {
              "mean": 0.9718740991416176,
              "std": 0.0006903071428506849,
              "min": 0.9709733009645556,
              "max": 0.9730107832644417
            }
          },
          "q50_median": {
            "auc": {
              "mean": 0.7918479184568004,
              "std": 0.012149801100242946,
              "min": 0.7729158051671708,
              "max": 0.8076048572235073
            },
            "ap": {
              "mean": 0.46963107776858404,
              "std": 0.04197366052107807,
              "min": 0.41863827118625485,
              "max": 0.5387547595298551
            },
            "spearman_with_mat_mean": {
              "mean": 0.8787927052308298,
              "std": 0.0022208962037139953,
              "min": 0.8757250758516957,
              "max": 0.8821800332317057
            }
          },
          "q75": {
            "auc": {
              "mean": 0.7838066765179337,
              "std": 0.010998022017008164,
              "min": 0.7633375563529721,
              "max": 0.795185663824553
            },
            "ap": {
              "mean": 0.42300870119145084,
              "std": 0.03526424228436535,
              "min": 0.37865912292461157,
              "max": 0.47446419614405255
            },
            "spearman_with_mat_mean": {
              "mean": 0.7141548151154405,
              "std": 0.0034679984993948336,
              "min": 0.7103586020092316,
              "max": 0.7195015697471724
            }
          },
          "q90": {
            "auc": {
              "mean": 0.7761777533973231,
              "std": 0.006408251451751185,
              "min": 0.7652829196332783,
              "max": 0.7839808284415484
            },
            "ap": {
              "mean": 0.3694007666779241,
              "std": 0.031029448731053722,
              "min": 0.34122174061246,
              "max": 0.42055353127693806
            },
            "spearman_with_mat_mean": {
              "mean": 0.577139503418329,
              "std": 0.002619431841974661,
              "min": 0.5741510048829745,
              "max": 0.5818532389740579
            }
          },
          "row_top2_mean": {
            "auc": {
              "mean": 0.7882412871909971,
              "std": 0.0077832952499310906,
              "min": 0.7805547684527813,
              "max": 0.8020736804129072
            },
            "ap": {
              "mean": 0.5215248063781247,
              "std": 0.02780754415305908,
              "min": 0.48094671936075856,
              "max": 0.5591307692371432
            },
            "spearman_with_mat_mean": {
              "mean": 0.8679714033364121,
              "std": 0.006959266477890153,
              "min": 0.8612908412717013,
              "max": 0.8808706916002006
            }
          },
          "top16_mean": {
            "auc": {
              "mean": 0.7835363168240443,
              "std": 0.007165419198916479,
              "min": 0.7708774842737447,
              "max": 0.7926070854472009
            },
            "ap": {
              "mean": 0.4141293645299019,
              "std": 0.030860378383160067,
              "min": 0.37566965617431447,
              "max": 0.46259545731493396
            },
            "spearman_with_mat_mean": {
              "mean": 0.643239554109843,
              "std": 0.0022726002090418377,
              "min": 0.6409722479350104,
              "max": 0.6464227925860656
            }
          },
          "top8_mean": {
            "auc": {
              "mean": 0.7734977008216807,
              "std": 0.006885884745009625,
              "min": 0.7630952663445284,
              "max": 0.7830283913499444
            },
            "ap": {
              "mean": 0.3640546607872387,
              "std": 0.03167417895762161,
              "min": 0.33562154626366514,
              "max": 0.41654374579557135
            },