{
  "timestamp": "2026-04-01T17:43:42.668096",
  "config": {
    "k": 6,
    "alpha": 0,
    "normalization": "D^{-1/2} A D^{-1/2}"
  },
  "results": [
    {
      "dataset": "photo",
      "N": 7535,
      "D": 745,
      "k": 6,
      "alpha": 0,
      "normalization": "D^{-1/2} A D^{-1/2}",
      "H1_variance_decrease": {
        "variances": [
          0.22712956368923187,
          0.06769971549510956,
          0.05451652780175209,
          0.052317190915346146,
          0.04961954802274704,
          0.04850032180547714,
          0.04724092781543732
        ],
        "variance_ratios": [
          0.29806650616270775,
          0.8052696736323836,
          0.9596574291304139,
          0.948436778706943,
          0.9774438449790632,
          0.9740332859008453
        ],
        "variance_trend": {
          "slope": -0.020820059813559055,
          "intercept": 0.1406064359471202,
          "r_squared": 0.46363687658352853,
          "p_value": 0.0921845678652507
        },
        "conclusion": "H1 支持",
        "evidence": "方差随层数下降 (slope=-0.020820, p=0.0922)"
      },
      "H2_smoothness_discrimination_correlation": {
        "ks_stats": [
          0.09222731079160934,
          0.17751661018366177,
          0.20381637388038998,
          0.2006282220183337,
          0.20309264594114518,
          0.20021880099250014,
          0.19842035474408085
        ],
        "ks_p_values": [
          0.10811415841390999,
          0.0018619181336174421,
          0.001051228198550858,
          0.0010752457336404508,
          0.0015777131841233668,
          0.0014033945095323589,
          0.0016227853068831147
        ],
        "fisher_scores": [
          21.29884910583496,
          52.19850158691406,
          65.51779174804688,
          60.10709762573242,
          60.39950180053711,
          57.22737121582031,
          55.61504364013672
        ],
        "correlation": {
          "variance_vs_ks": {
            "pearson_r": -0.9898384937968993,
            "pearson_p": 1.9882948841147163e-05,
            "spearman_r": -0.3214285714285715,
            "spearman_p": 0.4820720382996776
          },
          "variance_vs_fisher": {
            "pearson_r": -0.9648237895805186,
            "pearson_p": 0.00043736391458234564,
            "spearman_r": -0.3214285714285715,
            "spearman_p": 0.4820720382996776
          }
        },
        "conclusion": "H2 支持",
        "evidence": "方差-KS相关=-0.9898, 方差-Fisher相关=-0.9648"
      },
      "H3_high_frequency_needed": {
        "frequency_stats": {
          "layer_diffs": [
            0.3474181890487671,
            0.07629062235355377,
            0.0338650681078434,
            0.0192598607391119,
            0.01277966145426035,
            0.009517142549157143
          ],
          "layer_norms": [
            14.960367202758789,
            10.008277893066406,
            9.813460350036621,
            9.608362197875977,
            9.566839218139648,
            9.491058349609375,
            9.454377174377441
          ],
          "spectral_energy_low": 6136.217811747803
        },
        "best_ks_layer": 2,
        "best_fisher_layer": 2,
        "highest_variance_layer": 0,
        "conclusion": "H3 支持",
        "evidence": "最佳KS层=2, 最佳Fisher层=2, 最高方差层=0"
      },
      "summary": {
        "h1_supported": true,
        "h2_supported": true,
        "h3_supported": true
      }
    },
    {
      "dataset": "tolokers",
      "N": 11758,
      "D": 8,
      "k": 6,
      "alpha": 0,
      "normalization": "D^{-1/2} A D^{-1/2}",
      "H1_variance_decrease": {
        "variances": [
          0.40656909346580505,
          0.6539692878723145,
          1.4313771724700928,
          2.7010562419891357,
          4.378306865692139,
          6.280971050262451,
          8.180495262145996
        ],
        "variance_ratios": [
          1.6085071353986657,
          2.188752895609319,
          1.8870331970769023,
          1.6209610142985498,
          1.4345662017158618,
          1.3024252455047016
        ],
        "variance_trend": {
          "slope": 1.3400968472872463,
          "intercept": -0.5870412598763197,
          "r_squared": 0.9493330032384638,
          "p_value": 0.00019985567312062437
        },
        "conclusion": "H1 不支持",
        "evidence": "方差随层数上升 (slope=1.340097, p=0.0002)"
      },
      "H2_smoothness_discrimination_correlation": {
        "ks_stats": [
          0.14767560256063253,
          0.13154866655202566,
          0.14608164093688164,
          0.1597306521242166,
          0.16576323272736398,
          0.17242475962696222,
          0.1780885620489402
        ],
        "ks_p_values": [
          9.625223951990881e-11,
          0.003246636944081933,
          2.075818202809074e-05,
          2.698134813882728e-07,
          7.473948667714448e-08,
          7.038140960149993e-07,
          5.645746356729639e-05
        ],
        "fisher_scores": [
          0.36692628264427185,
          0.4080115854740143,
          0.4387704133987427,
          0.4694361090660095,
          0.5011622905731201,
          0.5331282615661621,
          0.5657316446304321
        ],
        "correlation": {
          "variance_vs_ks": {
            "pearson_r": 0.9255828131076115,
            "pearson_p": 0.0027867612896815466,
            "spearman_r": 0.8928571428571429,
            "spearman_p": 0.006807187408935392
          },
          "variance_vs_fisher": {
            "pearson_r": 0.9677529724483511,
            "pearson_p": 0.0003524795844266193,
            "spearman_r": 1.0,
            "spearman_p": 0.0
          }
        },
        "conclusion": "H2 不支持",
        "evidence": "方差-KS相关=0.9256, 方差-Fisher相关=0.9678"
      },
      "H3_high_frequency_needed": {
        "frequency_stats": {
          "layer_diffs": [
            0.2691207230091095,
            0.1744704693555832,
            0.1661321222782135,
            0.1660463660955429,
            0.15284109115600586,
            0.1313934028148651
          ],
          "layer_norms": [
            1.8769471645355225,
            1.9804450273513794,
            2.8688559532165527,
            3.829967498779297,
            4.797017574310303,
            5.67971134185791,
            6.429331302642822
          ],
          "spectral_energy_low": 1260.237196209953
        },
        "best_ks_layer": 6,
        "best_fisher_layer": 6,
        "highest_variance_layer": 6,
        "conclusion": "H3 不支持",
        "evidence": "最佳KS层=6, 最佳Fisher层=6, 最高方差层=6"
      },
      "summary": {
        "h1_supported": false,
        "h2_supported": false,
        "h3_supported": false
      }
    },
    {
      "dataset": "elliptic",
      "N": 46564,
      "D": 93,
      "k": 6,
      "alpha": 0,
      "normalization": "D^{-1/2} A D^{-1/2}",
      "H1_variance_decrease": {
        "variances": [
          2.4420998096466064,
          1.4285857677459717,
          1.263987421989441,
          1.1754721403121948,
          1.122010588645935,
          1.0825350284576416,
          1.05498206615448
        ],
        "variance_ratios": [
          0.5849825474384279,
          0.8847823144589808,
          0.9299713904289266,
          0.954519082305038,
          0.9648171233072467,
          0.974547740646861
        ],
        "variance_trend": {
          "slope": -0.1784082693713052,
          "intercept": 1.9023209256785258,
          "r_squared": 0.6166707859240378,
          "p_value": 0.036411644077543694
        },
        "conclusion": "H1 支持",
        "evidence": "方差随层数下降 (slope=-0.178408, p=0.0364)"
      },
      "H2_smoothness_discrimination_correlation": {
        "ks_stats": [
          0.3347365278164511,
          0.19913561302854332,
          0.20968708139090655,
          0.20294171247996493,
          0.21404299174284744,
          0.20645878538378526,
          0.2171870762327776
        ],