{
  "results": [
    {
      "seed": 0,
      "margin_auc": 0.5191049382716049,
      "margin_ap": 0.046088349415920174,
      "mean_auc": 0.515216049382716,
      "mean_ap": 0.04613414179033174,
      "mean_spearman": 0.8311016103177183,
      "mean_win": false,
      "trimmed_auc": 0.5120987654320988,
      "trimmed_ap": 0.0457953960161253,
      "trimmed_spearman": 0.8415309608000273,
      "trimmed_win": false,
      "weighted_auc": 0.515216049382716,
      "weighted_ap": 0.04613414179033174,
      "weighted_spearman": 0.8311016103177183,
      "weighted_win": false,
      "quantile_auc": 0.5076234567901234,
      "quantile_ap": 0.045009470681672305,
      "quantile_spearman": 0.8330530137920811,
      "quantile_win": false,
      "max_mean_auc": 0.4395679012345679,
      "max_mean_ap": 0.03945998884045729,
      "max_mean_spearman": 0.8505944636764406,
      "max_mean_win": false,
      "wins": 0,
      "mat_mean": 0.5595360398292542,
      "mat_std": 0.18648119270801544,
      "mat_min": -0.3865085244178772,
      "mat_max": 0.976249635219574
    },
    {
      "seed": 1,
      "margin_auc": 0.5086728395061728,
      "margin_ap": 0.045380487088679214,
      "mean_auc": 0.45391975308641974,
      "mean_ap": 0.04059476112444641,
      "mean_spearman": 0.7761127615645795,
      "mean_win": false,
      "trimmed_auc": 0.46753086419753087,
      "trimmed_ap": 0.04160573033952325,
      "trimmed_spearman": 0.7784572712211366,
      "trimmed_win": false,
      "weighted_auc": 0.45391975308641974,
      "weighted_ap": 0.04059476112444641,
      "weighted_spearman": 0.7761127615645795,
      "weighted_win": false,
      "quantile_auc": 0.4945679012345679,
      "quantile_ap": 0.04382529271897906,
      "quantile_spearman": 0.7659054639033491,
      "quantile_win": false,
      "max_mean_auc": 0.39666666666666667,
      "max_mean_ap": 0.036325573917512496,
      "max_mean_spearman": 0.767668286615988,
      "max_mean_win": false,
      "wins": 0,
      "mat_mean": 0.5692003965377808,
      "mat_std": 0.18980513513088226,
      "mat_min": -0.2667900323867798,
      "mat_max": 0.9810285568237305
    },
    {
      "seed": 2,
      "margin_auc": 0.5109567901234568,
      "margin_ap": 0.044782219401595644,
      "mean_auc": 0.562253086419753,
      "mean_ap": 0.052972173512023796,
      "mean_spearman": 0.8229143406915361,
      "mean_win": true,
      "trimmed_auc": 0.5569444444444445,
      "trimmed_ap": 0.05436077403343967,
      "trimmed_spearman": 0.8264668145683572,
      "trimmed_win": true,
      "weighted_auc": 0.562253086419753,
      "weighted_ap": 0.052972173512023796,
      "weighted_spearman": 0.8229143406915361,
      "weighted_win": true,
      "quantile_auc": 0.5532716049382715,
      "quantile_ap": 0.05437581031028199,
      "quantile_spearman": 0.8119995183384338,
      "quantile_win": true,
      "max_mean_auc": 0.5088271604938271,
      "max_mean_ap": 0.044958634553784245,
      "max_mean_spearman": 0.8019307399000675,
      "max_mean_win": false,
      "wins": 4,
      "mat_mean": 0.5606163144111633,
      "mat_std": 0.18764925003051758,
      "mat_min": -0.33328431844711304,
      "mat_max": 0.9827146530151367
    },
    {
      "seed": 3,
      "margin_auc": 0.48811728395061726,
      "margin_ap": 0.043795729372206334,
      "mean_auc": 0.4244444444444445,
      "mean_ap": 0.03906418491812594,
      "mean_spearman": 0.7266271648818892,
      "mean_win": false,
      "trimmed_auc": 0.4276234567901234,
      "trimmed_ap": 0.03941372829704195,
      "trimmed_spearman": 0.7294187893441417,
      "trimmed_win": false,
      "weighted_auc": 0.4244444444444445,
      "weighted_ap": 0.03906418491812594,
      "weighted_spearman": 0.7266271648818892,
      "weighted_win": false,
      "quantile_auc": 0.4362037037037038,
      "quantile_ap": 0.039617834865824375,
      "quantile_spearman": 0.7191634623064409,
      "quantile_win": false,
      "max_mean_auc": 0.3983641975308642,
      "max_mean_ap": 0.03674271979312875,
      "max_mean_spearman": 0.7196657385969922,
      "max_mean_win": false,
      "wins": 0,
      "mat_mean": 0.5630163550376892,
      "mat_std": 0.189620703458786,
      "mat_min": -0.3385201096534729,
      "mat_max": 0.9837626218795776
    },
    {
      "seed": 4,
      "margin_auc": 0.499379652605459,
      "margin_ap": 0.04833195072830661,
      "mean_auc": 0.5552391157229868,
      "mean_ap": 0.06219592270107771,
      "mean_spearman": 0.8094672232453353,
      "mean_win": true,
      "trimmed_auc": 0.5620065418452516,
      "trimmed_ap": 0.059284065031815034,
      "trimmed_spearman": 0.8119155353196907,
      "trimmed_win": true,
      "weighted_auc": 0.5552391157229867,
      "weighted_ap": 0.06219592270107771,
      "weighted_spearman": 0.8094667014804743,
      "weighted_win": true,
      "quantile_auc": 0.575315813219039,
      "quantile_ap": 0.059460320441826905,
      "quantile_spearman": 0.8031484155117495,
      "quantile_win": true,
      "max_mean_auc": 0.47355064290548166,
      "max_mean_ap": 0.04669945974082029,
      "max_mean_spearman": 0.7979920770091846,
      "max_mean_win": false,
      "wins": 4,
      "mat_mean": 0.5740059614181519,
      "mat_std": 0.18615227937698364,
      "mat_min": -0.21635909378528595,
      "mat_max": 0.9831875562667847
    }
  ],
  "summary": {
    "margin": {
      "auc_mean": 0.5052463008914622,
      "auc_std": 0.010622932435561606,
      "wins": "-"
    },
    "mean": {
      "auc_mean": 0.5022144898112642,
      "auc_std": 0.05470986408092093,
      "wins": 2
    },
    "trimmed": {
      "auc_mean": 0.5052408145418898,
      "auc_std": 0.05174773272546769,
      "wins": 2
    },
    "weighted": {
      "auc_mean": 0.502214489811264,
      "auc_std": 0.05470986408092091,
      "wins": 2
    },
    "quantile": {
      "auc_mean": 0.5133964959771411,
      "auc_std": 0.04851926896145439,
      "wins": 2
    },
    "max_mean": {
      "auc_mean": 0.4433953137662815,
      "auc_std": 0.0433974363701969,
      "wins": 0
    }
  }
}