{
  "status": "finished",
  "done": 5,
  "total": 5,
  "devices": [
    0,
    1,
    2,
    3,
    4,
    5,
    6,
    7
  ],
  "elapsed_sec": 217.2062451839447,
  "results_summary": [
    {
      "variant": "old_exact_080_regime",
      "aggregate": {
        "n_rows": 5,
        "best_auc": {
          "mean": 0.8168375378712746,
          "std": 0.0053668681159247545,
          "min": 0.8068147826871616,
          "max": 0.8213515508034469
        },
        "winner_counts": {
          "mat_mean": 5
        },
        "winner_family_counts": {
          "scalar_matrix_summary": 5
        },
        "reference_anom_ratio": {
          "mean": 0.10886387552615755,
          "std": 0.001479584763215699,
          "min": 0.10622208143630273,
          "max": 0.11039644360450133
        },
        "best_spearman_with_margin": {
          "mean": 0.7074363455224875,
          "std": 0.0035653935403068076,
          "min": 0.7035174678614764,
          "max": 0.7136201936064566
        },
        "best_top5_jaccard_with_margin": {
          "mean": 0.5792038951985756,
          "std": 0.04245168833426399,
          "min": 0.5071574642126789,
          "max": 0.6347504621072089
        },
        "best_with_degree_abs": {
          "mean": 0.08744234354460922,
          "std": 0.0181567585861359,
          "min": 0.06630294185284252,
          "max": 0.11354307860900248
        },
        "family_best_auc": {
          "centroid_margin": {
            "mean": 0.7927637233750301,
            "std": 0.005443861661841385,
            "min": 0.7862856442974692,
            "max": 0.7989256869903499
          },
          "column_anomaly_reference": {
            "mean": 0.7742940151953832,
            "std": 0.0027247393394521854,
            "min": 0.7715604253924507,
            "max": 0.7793715429133239
          },
          "entry_normal_manifold": {
            "mean": 0.7827189952000996,
            "std": 0.007554316054994449,
            "min": 0.7705518945108802,
            "max": 0.793841148091429
          },
          "proxy_diagnostic": {
            "mean": 0.32957811729569625,
            "std": 0.0005092257632802929,
            "min": 0.3290363206019678,
            "max": 0.330339190172776
          },
          "row_normal_anchor": {
            "mean": 0.80929435201587,
            "std": 0.0038388763829911793,
            "min": 0.8044454389910407,
            "max": 0.8135748699596873
          },
          "scalar_matrix_summary": {
            "mean": 0.8168375378712746,
            "std": 0.0053668681159247545,
            "min": 0.8068147826871616,
            "max": 0.8213515508034469
          }
        },
        "decision": "SIMPLE_SCALAR_SUMMARY_STILL_DOMINATES"
      }
    }
  ],
  "errors": []
}