{
  "status": "finished",
  "probe": "route25_mat_mean_margin_failure_autopsy",
  "done": 5,
  "total": 5,
  "devices": [
    0,
    1,
    2,
    3,
    4,
    5,
    6,
    7
  ],
  "current": null,
  "partial": [
    {
      "variant": "old_exact_080_regime",
      "done": 5,
      "summary": {
        "n_rows": 5,
        "mat_mean_auc": {
          "mean": 0.8134464382476125,
          "std": 0.010516591987845707,
          "min": 0.7962929953444022,
          "max": 0.8233909041093296
        },
        "margin_auc": {
          "mean": 0.79802101021556,
          "std": 0.005971765553625214,
          "min": 0.7867399859440951,
          "max": 0.8037165832151371
        },
        "mat_mean_ap": {
          "mean": 0.5607675680770547,
          "std": 0.044032085190682316,
          "min": 0.5060386227474922,
          "max": 0.6105826133448774
        },
        "margin_ap": {
          "mean": 0.5199352762781932,
          "std": 0.02854780797069365,
          "min": 0.4690099051619844,
          "max": 0.5480822724248735
        },
        "spearman_mat_mean_margin": {
          "mean": 0.709673824070508,
          "std": 0.005027903031450625,
          "min": 0.7031176985303098,
          "max": 0.7165122340527039
        },
        "spearman_delta_margin": {
          "mean": -0.6934518966763804,
          "std": 0.01307613803038307,
          "min": -0.7115322427548046,
          "max": -0.6716750017370973
        },
        "topk_counts": {
          "rescued_anomalies_mat_only_true_positive": {
            "mean": 360.2,
            "std": 21.939917957914062,
            "min": 334.0,
            "max": 385.0
          },
          "introduced_false_positives_mat_only_normal": {
            "mean": 1065.0,
            "std": 115.8619868636819,
            "min": 859.0,
            "max": 1208.0
          },
          "lost_anomalies_margin_only_true_positive": {
            "mean": 206.2,
            "std": 72.95587707649055,
            "min": 90.0,
            "max": 304.0
          },
          "removed_false_positives_margin_only_normal": {
            "mean": 1219.0,
            "std": 91.6580602020357,
            "min": 1103.0,
            "max": 1363.0
          }
        },
        "category_summary_mean_of_means": {
          "rescued_anomalies_mat_only_true_positive": {
            "margin": {
              "mean": 0.9521121709331641,
              "std": 0.004332855359058179,
              "min": 0.9450790637748063,
              "max": 0.9587383420167569
            },
            "mat_mean": {
              "mean": 0.9181815561605365,
              "std": 0.005307885650023827,
              "min": 0.9110453989036856,
              "max": 0.9269927724035915
            },
            "delta_mat_minus_margin": {
              "mean": -0.03393061476820593,
              "std": 0.0018398662194358574,
              "min": -0.037213139391193785,
              "max": -0.031745569613165485
            },
            "degree": {
              "mean": 0.9576506746997738,
              "std": 0.13245439116609314,
              "min": 0.78125,
              "max": 1.1676646706586826
            },
            "rejection": {
              "mean": 0.022947942795690995,
              "std": 0.016052091685097157,
              "min": 0.005976284488983824,
              "max": 0.052415949658805805
            },
            "residual_norm": {
              "mean": 0.7574031942971422,
              "std": 0.27145907493584864,
              "min": 0.40657698574004236,
              "max": 1.1459433282920701
            },
            "anom_ref_anom_ratio": {
              "mean": 0.8530391697966184,
              "std": 0.016265972794894223,
              "min": 0.8379491017964071,
              "max": 0.8829639889196675
            },
            "mat_std": {
              "mean": 0.12727291296875673,
              "std": 0.007209548726345262,
              "min": 0.11382412307262756,
              "max": 0.13361700259712841
            },
            "row_mean_range": {
              "mean": 0.13203978816640988,
              "std": 0.006174248154500148,
              "min": 0.12210459587816706,
              "max": 0.1390274348668754
            },
            "col_mean_range": {
              "mean": 0.305952316341882,
              "std": 0.022059918160381973,
              "min": 0.2762446514146771,
              "max": 0.3304556880577382
            },
            "attr_anom_rate": null,
            "struct_anom_rate": null
          },
          "introduced_false_positives_mat_only_normal": {
            "margin": {
              "mean": 0.9211371893858612,
              "std": 0.020357064136961287,
              "min": 0.8838253544280883,
              "max": 0.9401922580179986
            },
            "mat_mean": {
              "mean": 0.9013687049863475,
              "std": 0.006182689805506228,
              "min": 0.8914643212398042,
              "max": 0.9103857070658621
            },
            "delta_mat_minus_margin": {
              "mean": -0.01976848436954646,
              "std": 0.01942963702165051,
              "min": -0.039378298743580786,
              "max": 0.015106590105369027
            },
            "degree": {
              "mean": 1.8602967133887236,
              "std": 0.2422002436083729,
              "min": 1.60069848661234,
              "max": 2.2919020715630887
            },
            "rejection": {
              "mean": 12.925598391222247,
              "std": 18.343550559798697,
              "min": 0.385969550323076,
              "max": 48.5814034482987
            },
            "residual_norm": {
              "mean": 7.160002406955047,
              "std": 4.206905872341125,
              "min": 2.48587288636204,
              "max": 13.664925869064225
            },
            "anom_ref_anom_ratio": {
              "mean": 0.10939183654873716,
              "std": 0.011539441184842436,
              "min": 0.0974437148217636,
              "max": 0.12382297551789077
            },
            "mat_std": {
              "mean": 0.14657413130810545,
              "std": 0.006144255172596812,
              "min": 0.1372013637692775,
              "max": 0.15352610456687354
            },
            "row_mean_range": {
              "mean": 0.1403731233743452,
              "std": 0.010811658595161599,
              "min": 0.12692471398463487,
              "max": 0.15930647088483843
            },
            "col_mean_range": {
              "mean": 0.3706771700415349,
              "std": 0.014093569512909333,
              "min": 0.3464160449499301,
              "max": 0.3849029465527633
            },
            "attr_anom_rate": null,
            "struct_anom_rate": null
          },
          "lost_anomalies_margin_only_true_positive": {
            "margin": {
              "mean": 0.9930239990424914,
              "std": 0.0016904404248236334,
              "min": 0.9901067422495948,
              "max": 0.9952542675953162
            },
            "mat_mean": {
              "mean": 0.7635350834344008,
              "std": 0.030331455823722663,
              "min": 0.7071025043725967,
              "max": 0.7940043191279261
            },
            "delta_mat_minus_margin": {
              "mean": -0.22948891567431784,
              "std": 0.029305332219653122,
              "min": -0.283004238208135,
              "max": -0.1986160990127847
            },
            "degree": {
              "mean": 0.7829820568909398,
              "std": 0.16852053221798124,
              "min": 0.5575757575757576,
              "max": 0.9888888888888889
            },
            "rejection": {
              "mean": 0.01107306992635743,
              "std": 0.010156837894098159,
              "min": 0.0018991654159866524,
              "max": 0.03062260051815291
            },
            "residual_norm": {
              "mean": 0.6489758789981002,