{
  "config": {
    "dataset": "elliptic",
    "seed": 0,
    "train_rate": 0.05,
    "descriptor_mode": "hop_attr_rwse",
    "pn_estimator": "pca_residual",
    "gn_mode": "normal_density",
    "ln_mode": "reconstruction_gain",
    "ga_mode": "normal_soft_or",
    "la_mode": "descriptor_similarity",
    "reference_mode": "dual_reference",
    "normal_k": 4,
    "anom_k": 16,
    "hops": 2,
    "rw_steps": 8,
    "pca_components": 32,
    "out": "/root/gpufree-data/linziyao/VoxG/nexus/investigations/2026-04-27-global-ga-score/experiments/outputs/tokenization_theory_probe/grid/elliptic__hop_attr_rwse__pca_residual__normal_density__reconstruction_gain__normal_soft_or__descriptor_similarity.json"
  },
  "meta": {
    "dataset": "elliptic",
    "n": 46564,
    "normal_train": 2086,
    "anomaly_rate": 0.09760759384932566,
    "descriptor_dim": 287
  },
  "scores": {
    "ga": {
      "auc": 0.43659786050477295,
      "ap": 0.07987329467934588,
      "top16_density": 0.0,
      "top32_density": 0.0,
      "top64_density": 0.0,
      "top128_density": 0.0,
      "top256_density": 0.0,
      "top512_density": 0.01171875
    },
    "residual_norm": {
      "auc": 0.2588122780958931,
      "ap": 0.0618789750996987,
      "top16_density": 0.0,
      "top32_density": 0.0,
      "top64_density": 0.0,
      "top128_density": 0.0234375,
      "top256_density": 0.01953125,
      "top512_density": 0.03515625
    },
    "rn_explanation_error": {
      "auc": 0.413209315886252,
      "ap": 0.07591517749661864,
      "top16_density": 0.0,
      "top32_density": 0.0,
      "top64_density": 0.0,
      "top128_density": 0.015625,
      "top256_density": 0.02734375,
      "top512_density": 0.029296875
    },
    "ra_residual_alignment": {
      "auc": 0.6622005064448947,
      "ap": 0.43006438809138253,
      "top16_density": 1.0,
      "top32_density": 1.0,
      "top64_density": 1.0,
      "top128_density": 1.0,
      "top256_density": 1.0,
      "top512_density": 0.953125
    },
    "contrast_margin": {
      "auc": 0.5527707317484408,
      "ap": 0.11147703866635564,
      "top16_density": 0.875,
      "top32_density": 0.4375,
      "top64_density": 0.234375,
      "top128_density": 0.125,
      "top256_density": 0.0703125,
      "top512_density": 0.046875
    }
  },
  "reference": {
    "normal_ref_normal_ratio": 0.7077516965896401,
    "anom_ref_anom_ratio": 0.0867663323597629,
    "anom_ref_anom_ratio_on_anom_nodes": 0.5633800880088009,
    "rn_err_mean_normal": 8.18317590567138,
    "rn_err_mean_anom": 0.22495588105623807,
    "align_mean_normal": 0.5939316749572754,
    "align_mean_anom": 0.7219483256340027,
    "contrast_mean_normal": -0.1820840686559677,
    "contrast_mean_anom": -0.17927245795726776
  },
  "elapsed_sec": 354.2307062149048
}