{
  "config": {
    "dataset": "elliptic",
    "seed": 0,
    "train_rate": 0.05,
    "descriptor_mode": "hop_attr_rwse",
    "pn_estimator": "pca_residual",
    "gn_mode": "label_gate_density",
    "ln_mode": "reconstruction_gain",
    "ga_mode": "residual_norm",
    "la_mode": "descriptor_similarity",
    "reference_mode": "dual_reference",
    "normal_k": 4,
    "anom_k": 16,
    "hops": 2,
    "rw_steps": 8,
    "pca_components": 32,
    "out": "/root/gpufree-data/linziyao/VoxG/nexus/investigations/2026-04-27-global-ga-score/experiments/outputs/tokenization_theory_probe/grid/elliptic__hop_attr_rwse__pca_residual__label_gate_density__reconstruction_gain__residual_norm__descriptor_similarity.json"
  },
  "meta": {
    "dataset": "elliptic",
    "n": 46564,
    "normal_train": 2086,
    "anomaly_rate": 0.09760759384932566,
    "descriptor_dim": 287
  },
  "scores": {
    "ga": {
      "auc": 0.2588122754777679,
      "ap": 0.06187335475867789,
      "top16_density": 0.0,
      "top32_density": 0.0,
      "top64_density": 0.0,
      "top128_density": 0.0234375,
      "top256_density": 0.01953125,
      "top512_density": 0.03515625
    },
    "residual_norm": {
      "auc": 0.2588122780958931,
      "ap": 0.0618789750996987,
      "top16_density": 0.0,
      "top32_density": 0.0,
      "top64_density": 0.0,
      "top128_density": 0.0234375,
      "top256_density": 0.01953125,
      "top512_density": 0.03515625
    },
    "rn_explanation_error": {
      "auc": 0.326266762186345,
      "ap": 0.06721823475324755,
      "top16_density": 0.0,
      "top32_density": 0.0,
      "top64_density": 0.0,
      "top128_density": 0.015625,
      "top256_density": 0.0234375,
      "top512_density": 0.02734375
    },
    "ra_residual_alignment": {
      "auc": 0.3694598868011697,
      "ap": 0.09575761979875713,
      "top16_density": 1.0,
      "top32_density": 1.0,
      "top64_density": 1.0,
      "top128_density": 0.7421875,
      "top256_density": 0.38671875,
      "top512_density": 0.234375
    },
    "contrast_margin": {
      "auc": 0.3754784486278419,
      "ap": 0.07400009672977176,
      "top16_density": 0.0,
      "top32_density": 0.0,
      "top64_density": 0.0,
      "top128_density": 0.0078125,
      "top256_density": 0.015625,
      "top512_density": 0.01171875
    }
  },
  "reference": {
    "normal_ref_normal_ratio": 1.0,
    "anom_ref_anom_ratio": 0.027624613435271884,
    "anom_ref_anom_ratio_on_anom_nodes": 0.13615236523652366,
    "rn_err_mean_normal": 7.733807481708172,
    "rn_err_mean_anom": 0.3202190619783529,
    "align_mean_normal": 0.33074405789375305,
    "align_mean_anom": 0.1917639672756195,
    "contrast_mean_normal": -0.338008850812912,
    "contrast_mean_anom": -0.5597279667854309
  },
  "elapsed_sec": 183.55343341827393
}