{
  "config": {
    "dataset": "elliptic",
    "seed": 0,
    "train_rate": 0.05,
    "descriptor_mode": "rwse",
    "pn_estimator": "pca_residual",
    "gn_mode": "label_gate",
    "ln_mode": "reconstruction_gain",
    "ga_mode": "residual_norm",
    "la_mode": "residual_cosine",
    "reference_mode": "dual_reference",
    "normal_k": 4,
    "anom_k": 16,
    "hops": 2,
    "rw_steps": 8,
    "pca_components": 32,
    "out": "/root/gpufree-data/linziyao/VoxG/nexus/investigations/2026-04-27-global-ga-score/experiments/outputs/tokenization_theory_probe/grid/elliptic__rwse__pca_residual__label_gate__reconstruction_gain__residual_norm__residual_cosine.json"
  },
  "meta": {
    "dataset": "elliptic",
    "n": 46564,
    "normal_train": 2086,
    "anomaly_rate": 0.09760759384932566,
    "descriptor_dim": 8
  },
  "scores": {
    "ga": {
      "auc": 0.6328901083068634,
      "ap": 0.1403382973286968,
      "top16_density": 0.0,
      "top32_density": 0.0,
      "top64_density": 0.0,
      "top128_density": 0.0,
      "top256_density": 0.0078125,
      "top512_density": 0.03125
    },
    "residual_norm": {
      "auc": 0.6235831053535397,
      "ap": 0.14439971575232127,
      "top16_density": 0.0,
      "top32_density": 0.0,
      "top64_density": 0.0,
      "top128_density": 0.0,
      "top256_density": 0.0078125,
      "top512_density": 0.037109375
    },
    "rn_explanation_error": {
      "auc": 0.4011551718012421,
      "ap": 0.08336644539144819,
      "top16_density": 0.0,
      "top32_density": 0.03125,
      "top64_density": 0.03125,
      "top128_density": 0.03125,
      "top256_density": 0.0234375,
      "top512_density": 0.0234375
    },
    "ra_residual_alignment": {
      "auc": 0.6498137452670516,
      "ap": 0.15519002704269408,
      "top16_density": 0.1875,
      "top32_density": 0.09375,
      "top64_density": 0.109375,
      "top128_density": 0.125,
      "top256_density": 0.12109375,
      "top512_density": 0.1328125
    },
    "contrast_margin": {
      "auc": 0.6577016091861216,
      "ap": 0.16288305105162953,
      "top16_density": 0.0,
      "top32_density": 0.0,
      "top64_density": 0.0,
      "top128_density": 0.0078125,
      "top256_density": 0.0078125,
      "top512_density": 0.048828125
    }
  },
  "reference": {
    "normal_ref_normal_ratio": 1.0,
    "anom_ref_anom_ratio": 0.18328402843398334,
    "anom_ref_anom_ratio_on_anom_nodes": 0.26723047304730474,
    "rn_err_mean_normal": 0.008229146827973452,
    "rn_err_mean_anom": 0.0008862256788379968,
    "align_mean_normal": 0.9250834584236145,
    "align_mean_anom": 0.9589237570762634,
    "contrast_mean_normal": 0.130513995885849,
    "contrast_mean_anom": 0.4124031960964203
  },
  "elapsed_sec": 175.7448456287384
}