{
  "config": {
    "dataset": "elliptic",
    "seed": 0,
    "train_rate": 0.05,
    "descriptor_mode": "rwse",
    "pn_estimator": "diag_gaussian",
    "gn_mode": "label_gate",
    "ln_mode": "reconstruction_gain",
    "ga_mode": "normal_rejection",
    "la_mode": "descriptor_similarity",
    "reference_mode": "dual_reference",
    "normal_k": 4,
    "anom_k": 16,
    "hops": 2,
    "rw_steps": 8,
    "pca_components": 32,
    "out": "/root/gpufree-data/linziyao/VoxG/nexus/investigations/2026-04-27-global-ga-score/experiments/outputs/tokenization_theory_probe/grid/elliptic__rwse__diag_gaussian__label_gate__reconstruction_gain__normal_rejection__descriptor_similarity.json"
  },
  "meta": {
    "dataset": "elliptic",
    "n": 46564,
    "normal_train": 2086,
    "anomaly_rate": 0.09760759384932566,
    "descriptor_dim": 8
  },
  "scores": {
    "ga": {
      "auc": 0.6039716382690412,
      "ap": 0.1235011213873495,
      "top16_density": 0.0,
      "top32_density": 0.0,
      "top64_density": 0.0,
      "top128_density": 0.0,
      "top256_density": 0.0078125,
      "top512_density": 0.02734375
    },
    "residual_norm": {
      "auc": 0.5932812520167745,
      "ap": 0.1320042949170575,
      "top16_density": 0.0,
      "top32_density": 0.0,
      "top64_density": 0.0,
      "top128_density": 0.0,
      "top256_density": 0.0078125,
      "top512_density": 0.03125
    },
    "rn_explanation_error": {
      "auc": 0.4011551718012421,
      "ap": 0.08336644539144819,
      "top16_density": 0.0,
      "top32_density": 0.03125,
      "top64_density": 0.03125,
      "top128_density": 0.03125,
      "top256_density": 0.0234375,
      "top512_density": 0.0234375
    },
    "ra_residual_alignment": {
      "auc": 0.4915362297075992,
      "ap": 0.10807114200061879,
      "top16_density": 0.1875,
      "top32_density": 0.25,
      "top64_density": 0.203125,
      "top128_density": 0.1953125,
      "top256_density": 0.2109375,
      "top512_density": 0.169921875
    },
    "contrast_margin": {
      "auc": 0.595129022647856,
      "ap": 0.13845729879821408,
      "top16_density": 0.0,
      "top32_density": 0.0,
      "top64_density": 0.0,
      "top128_density": 0.0546875,
      "top256_density": 0.11328125,
      "top512_density": 0.140625
    }
  },
  "reference": {
    "normal_ref_normal_ratio": 1.0,
    "anom_ref_anom_ratio": 0.006852128253586462,
    "anom_ref_anom_ratio_on_anom_nodes": 0.0037816281628162817,
    "rn_err_mean_normal": 0.008229146827973452,
    "rn_err_mean_anom": 0.0008862256788379968,
    "align_mean_normal": -0.016669463366270065,
    "align_mean_anom": -0.02068096026778221,
    "contrast_mean_normal": -0.8112390637397766,
    "contrast_mean_anom": -0.5672014951705933
  },
  "elapsed_sec": 174.5371503829956
}