{
  "config": {
    "dataset": "elliptic",
    "seed": 0,
    "train_rate": 0.05,
    "descriptor_mode": "hop_attr",
    "pn_estimator": "pca_residual",
    "gn_mode": "label_gate_density",
    "ln_mode": "descriptor_similarity",
    "ga_mode": "normal_soft_or",
    "la_mode": "descriptor_similarity",
    "reference_mode": "dual_reference",
    "normal_k": 4,
    "anom_k": 16,
    "hops": 2,
    "rw_steps": 8,
    "pca_components": 32,
    "out": "/root/gpufree-data/linziyao/VoxG/nexus/investigations/2026-04-27-global-ga-score/experiments/outputs/tokenization_theory_probe/grid/elliptic__hop_attr__pca_residual__label_gate_density__descriptor_similarity__normal_soft_or__descriptor_similarity.json"
  },
  "meta": {
    "dataset": "elliptic",
    "n": 46564,
    "normal_train": 2086,
    "anomaly_rate": 0.09760759384932566,
    "descriptor_dim": 279
  },
  "scores": {
    "ga": {
      "auc": 0.43659786050477295,
      "ap": 0.07987329467934588,
      "top16_density": 0.0,
      "top32_density": 0.0,
      "top64_density": 0.0,
      "top128_density": 0.0,
      "top256_density": 0.0,
      "top512_density": 0.01171875
    },
    "residual_norm": {
      "auc": 0.23183401421605307,
      "ap": 0.06011986860388951,
      "top16_density": 0.0,
      "top32_density": 0.0,
      "top64_density": 0.0,
      "top128_density": 0.0234375,
      "top256_density": 0.0234375,
      "top512_density": 0.03125
    },
    "rn_explanation_error": {
      "auc": 0.29266015680318125,
      "ap": 0.06415405547321544,
      "top16_density": 0.0,
      "top32_density": 0.0,
      "top64_density": 0.0,
      "top128_density": 0.0234375,
      "top256_density": 0.03125,
      "top512_density": 0.025390625
    },
    "ra_residual_alignment": {
      "auc": 0.7055290431111223,
      "ap": 0.43049884846178554,
      "top16_density": 1.0,
      "top32_density": 1.0,
      "top64_density": 1.0,
      "top128_density": 1.0,
      "top256_density": 1.0,
      "top512_density": 0.923828125
    },
    "contrast_margin": {
      "auc": 0.6365179684155141,
      "ap": 0.1277714683114618,
      "top16_density": 0.3125,
      "top32_density": 0.21875,
      "top64_density": 0.109375,
      "top128_density": 0.1328125,
      "top256_density": 0.18359375,
      "top512_density": 0.109375
    }
  },
  "reference": {
    "normal_ref_normal_ratio": 1.0,
    "anom_ref_anom_ratio": 0.10741130487071557,
    "anom_ref_anom_ratio_on_anom_nodes": 0.6836908690869087,
    "rn_err_mean_normal": 7.9010064180087,
    "rn_err_mean_anom": 0.3272636049296216,
    "align_mean_normal": 0.6789703965187073,
    "align_mean_anom": 0.8186795711517334,
    "contrast_mean_normal": 0.02803068421781063,
    "contrast_mean_anom": 0.11159413307905197
  },
  "elapsed_sec": 182.3238489627838
}