{
  "config": {
    "dataset": "elliptic",
    "seed": 0,
    "train_rate": 0.05,
    "descriptor_mode": "rwse",
    "pn_estimator": "diag_gaussian",
    "gn_mode": "normal_density",
    "ln_mode": "reconstruction_gain",
    "ga_mode": "normal_rejection",
    "la_mode": "residual_cosine",
    "reference_mode": "dual_reference",
    "normal_k": 4,
    "anom_k": 16,
    "hops": 2,
    "rw_steps": 8,
    "pca_components": 32,
    "out": "/root/gpufree-data/linziyao/VoxG/nexus/investigations/2026-04-27-global-ga-score/experiments/outputs/tokenization_theory_probe/grid/elliptic__rwse__diag_gaussian__normal_density__reconstruction_gain__normal_rejection__residual_cosine.json"
  },
  "meta": {
    "dataset": "elliptic",
    "n": 46564,
    "normal_train": 2086,
    "anomaly_rate": 0.09760759384932566,
    "descriptor_dim": 8
  },
  "scores": {
    "ga": {
      "auc": 0.6039716382690412,
      "ap": 0.1235011213873495,
      "top16_density": 0.0,
      "top32_density": 0.0,
      "top64_density": 0.0,
      "top128_density": 0.0,
      "top256_density": 0.0078125,
      "top512_density": 0.02734375
    },
    "residual_norm": {
      "auc": 0.5932812520167745,
      "ap": 0.1320042949170575,
      "top16_density": 0.0,
      "top32_density": 0.0,
      "top64_density": 0.0,
      "top128_density": 0.0,
      "top256_density": 0.0078125,
      "top512_density": 0.03125
    },
    "rn_explanation_error": {
      "auc": 0.6209619693495564,
      "ap": 0.14339272470808204,
      "top16_density": 0.0,
      "top32_density": 0.0,
      "top64_density": 0.0,
      "top128_density": 0.0,
      "top256_density": 0.0,
      "top512_density": 0.056640625
    },
    "ra_residual_alignment": {
      "auc": 0.658414870259724,
      "ap": 0.16410062032451658,
      "top16_density": 0.1875,
      "top32_density": 0.21875,
      "top64_density": 0.203125,
      "top128_density": 0.1796875,
      "top256_density": 0.20703125,
      "top512_density": 0.294921875
    },
    "contrast_margin": {
      "auc": 0.6481208288848114,
      "ap": 0.1598969126104741,
      "top16_density": 0.0625,
      "top32_density": 0.0625,
      "top64_density": 0.109375,
      "top128_density": 0.125,
      "top256_density": 0.171875,
      "top512_density": 0.173828125
    }
  },
  "reference": {
    "normal_ref_normal_ratio": 0.9821535950519715,
    "anom_ref_anom_ratio": 0.09681701529078258,
    "anom_ref_anom_ratio_on_anom_nodes": 0.12615511551155115,
    "rn_err_mean_normal": 0.21727815036337325,
    "rn_err_mean_anom": 0.2160945585883797,
    "align_mean_normal": 0.9298168420791626,
    "align_mean_anom": 0.9599245190620422,
    "contrast_mean_normal": 0.14122363924980164,
    "contrast_mean_anom": 0.4169251620769501
  },
  "elapsed_sec": 346.83053827285767
}