{
  "config": {
    "dataset": "elliptic",
    "seed": 0,
    "train_rate": 0.05,
    "descriptor_mode": "rwse",
    "pn_estimator": "pca_residual",
    "gn_mode": "normal_density",
    "ln_mode": "descriptor_similarity",
    "ga_mode": "normal_soft_or",
    "la_mode": "residual_cosine",
    "reference_mode": "dual_reference",
    "normal_k": 4,
    "anom_k": 16,
    "hops": 2,
    "rw_steps": 8,
    "pca_components": 32,
    "out": "/root/gpufree-data/linziyao/VoxG/nexus/investigations/2026-04-27-global-ga-score/experiments/outputs/tokenization_theory_probe/grid/elliptic__rwse__pca_residual__normal_density__descriptor_similarity__normal_soft_or__residual_cosine.json"
  },
  "meta": {
    "dataset": "elliptic",
    "n": 46564,
    "normal_train": 2086,
    "anomaly_rate": 0.09760759384932566,
    "descriptor_dim": 8
  },
  "scores": {
    "ga": {
      "auc": 0.43659786050477295,
      "ap": 0.07987329467934588,
      "top16_density": 0.0,
      "top32_density": 0.0,
      "top64_density": 0.0,
      "top128_density": 0.0,
      "top256_density": 0.0,
      "top512_density": 0.01171875
    },
    "residual_norm": {
      "auc": 0.6235831053535397,
      "ap": 0.14439971575232127,
      "top16_density": 0.0,
      "top32_density": 0.0,
      "top64_density": 0.0,
      "top128_density": 0.0,
      "top256_density": 0.0078125,
      "top512_density": 0.037109375
    },
    "rn_explanation_error": {
      "auc": 0.5963743705339858,
      "ap": 0.13049126590432297,
      "top16_density": 0.0,
      "top32_density": 0.0,
      "top64_density": 0.015625,
      "top128_density": 0.0078125,
      "top256_density": 0.00390625,
      "top512_density": 0.0078125
    },
    "ra_residual_alignment": {
      "auc": 0.6502863927840701,
      "ap": 0.1553098835377555,
      "top16_density": 0.1875,
      "top32_density": 0.21875,
      "top64_density": 0.21875,
      "top128_density": 0.2421875,
      "top256_density": 0.1875,
      "top512_density": 0.193359375
    },
    "contrast_margin": {
      "auc": 0.6483964520110356,
      "ap": 0.16001190429751505,
      "top16_density": 0.1875,
      "top32_density": 0.25,
      "top64_density": 0.21875,
      "top128_density": 0.203125,
      "top256_density": 0.2109375,
      "top512_density": 0.185546875
    }
  },
  "reference": {
    "normal_ref_normal_ratio": 0.8579213555536466,
    "anom_ref_anom_ratio": 0.022568400481058327,
    "anom_ref_anom_ratio_on_anom_nodes": 0.017863036303630363,
    "rn_err_mean_normal": 0.16215975082681397,
    "rn_err_mean_anom": 0.08569035352201428,
    "align_mean_normal": 0.983733057975769,
    "align_mean_anom": 0.9911525845527649,
    "contrast_mean_normal": 0.19570408761501312,
    "contrast_mean_anom": 0.44901248812675476
  },
  "elapsed_sec": 348.76017689704895
}