{
  "config": {
    "dataset": "elliptic",
    "seed": 0,
    "train_rate": 0.05,
    "descriptor_mode": "hop_attr",
    "pn_estimator": "diag_gaussian",
    "gn_mode": "label_gate",
    "ln_mode": "reconstruction_gain",
    "ga_mode": "residual_norm",
    "la_mode": "residual_cosine",
    "reference_mode": "dual_reference",
    "normal_k": 4,
    "anom_k": 16,
    "hops": 2,
    "rw_steps": 8,
    "pca_components": 32,
    "out": "/root/gpufree-data/linziyao/VoxG/nexus/investigations/2026-04-27-global-ga-score/experiments/outputs/tokenization_theory_probe/grid/elliptic__hop_attr__diag_gaussian__label_gate__reconstruction_gain__residual_norm__residual_cosine.json"
  },
  "meta": {
    "dataset": "elliptic",
    "n": 46564,
    "normal_train": 2086,
    "anomaly_rate": 0.09760759384932566,
    "descriptor_dim": 279
  },
  "scores": {
    "ga": {
      "auc": 0.23550129543523857,
      "ap": 0.06009483145126035,
      "top16_density": 0.0,
      "top32_density": 0.0,
      "top64_density": 0.0,
      "top128_density": 0.015625,
      "top256_density": 0.03125,
      "top512_density": 0.025390625
    },
    "residual_norm": {
      "auc": 0.2355012928171134,
      "ap": 0.06011513835315604,
      "top16_density": 0.0,
      "top32_density": 0.0,
      "top64_density": 0.0,
      "top128_density": 0.015625,
      "top256_density": 0.03125,
      "top512_density": 0.025390625
    },
    "rn_explanation_error": {
      "auc": 0.34209255905004576,
      "ap": 0.06867187863589015,
      "top16_density": 0.0,
      "top32_density": 0.0,
      "top64_density": 0.0,
      "top128_density": 0.03125,
      "top256_density": 0.0234375,
      "top512_density": 0.03515625
    },
    "ra_residual_alignment": {
      "auc": 0.3615402807326593,
      "ap": 0.07791341602423085,
      "top16_density": 1.0,
      "top32_density": 0.96875,
      "top64_density": 0.515625,
      "top128_density": 0.2578125,
      "top256_density": 0.12890625,
      "top512_density": 0.109375
    },
    "contrast_margin": {
      "auc": 0.3993117158404243,
      "ap": 0.07681699371219915,
      "top16_density": 0.125,
      "top32_density": 0.0625,
      "top64_density": 0.046875,
      "top128_density": 0.03125,
      "top256_density": 0.03125,
      "top512_density": 0.033203125
    }
  },
  "reference": {
    "normal_ref_normal_ratio": 1.0,
    "anom_ref_anom_ratio": 0.034151919938149644,
    "anom_ref_anom_ratio_on_anom_nodes": 0.1331958195819582,
    "rn_err_mean_normal": 2.5057300154587248,
    "rn_err_mean_anom": 0.09857017048903897,
    "align_mean_normal": 0.7418029308319092,
    "align_mean_anom": 0.6754235625267029,
    "contrast_mean_normal": 0.10216890275478363,
    "contrast_mean_anom": -0.010511004365980625
  },
  "elapsed_sec": 181.2907841205597
}