{
  "config": {
    "dataset": "elliptic",
    "seed": 0,
    "train_rate": 0.05,
    "descriptor_mode": "hop_attr_rwse",
    "pn_estimator": "pca_residual",
    "gn_mode": "normal_density",
    "ln_mode": "descriptor_similarity",
    "ga_mode": "residual_norm",
    "la_mode": "descriptor_similarity",
    "reference_mode": "dual_reference",
    "normal_k": 4,
    "anom_k": 16,
    "hops": 2,
    "rw_steps": 8,
    "pca_components": 32,
    "out": "/root/gpufree-data/linziyao/VoxG/nexus/investigations/2026-04-27-global-ga-score/experiments/outputs/tokenization_theory_probe/grid/elliptic__hop_attr_rwse__pca_residual__normal_density__descriptor_similarity__residual_norm__descriptor_similarity.json"
  },
  "meta": {
    "dataset": "elliptic",
    "n": 46564,
    "normal_train": 2086,
    "anomaly_rate": 0.09760759384932566,
    "descriptor_dim": 287
  },
  "scores": {
    "ga": {
      "auc": 0.2588122754777679,
      "ap": 0.06187335475867789,
      "top16_density": 0.0,
      "top32_density": 0.0,
      "top64_density": 0.0,
      "top128_density": 0.0234375,
      "top256_density": 0.01953125,
      "top512_density": 0.03515625
    },
    "residual_norm": {
      "auc": 0.2588122780958931,
      "ap": 0.0618789750996987,
      "top16_density": 0.0,
      "top32_density": 0.0,
      "top64_density": 0.0,
      "top128_density": 0.0234375,
      "top256_density": 0.01953125,
      "top512_density": 0.03515625
    },
    "rn_explanation_error": {
      "auc": 0.33524585281774805,
      "ap": 0.0681834013106339,
      "top16_density": 0.0,
      "top32_density": 0.0,
      "top64_density": 0.0,
      "top128_density": 0.015625,
      "top256_density": 0.01953125,
      "top512_density": 0.025390625
    },
    "ra_residual_alignment": {
      "auc": 0.3694598868011697,
      "ap": 0.09575761979875713,
      "top16_density": 1.0,
      "top32_density": 1.0,
      "top64_density": 1.0,
      "top128_density": 0.7421875,
      "top256_density": 0.38671875,
      "top512_density": 0.234375
    },
    "contrast_margin": {
      "auc": 0.29238887714659756,
      "ap": 0.07065469802133571,
      "top16_density": 0.3125,
      "top32_density": 0.1875,
      "top64_density": 0.109375,
      "top128_density": 0.265625,
      "top256_density": 0.140625,
      "top512_density": 0.177734375
    }
  },
  "reference": {
    "normal_ref_normal_ratio": 0.6850034361309166,
    "anom_ref_anom_ratio": 0.027624613435271884,
    "anom_ref_anom_ratio_on_anom_nodes": 0.13615236523652366,
    "rn_err_mean_normal": 8.163743821229835,
    "rn_err_mean_anom": 0.3408915876816292,
    "align_mean_normal": 0.33074405789375305,
    "align_mean_anom": 0.1917639672756195,
    "contrast_mean_normal": -0.46651962399482727,
    "contrast_mean_anom": -0.7071420550346375
  },
  "elapsed_sec": 350.6204388141632
}