{
  "config": {
    "dataset": "elliptic",
    "seed": 0,
    "train_rate": 0.05,
    "descriptor_mode": "hop_attr",
    "pn_estimator": "diag_gaussian",
    "gn_mode": "label_gate",
    "ln_mode": "descriptor_similarity",
    "ga_mode": "normal_soft_or",
    "la_mode": "residual_cosine",
    "reference_mode": "dual_reference",
    "normal_k": 4,
    "anom_k": 16,
    "hops": 2,
    "rw_steps": 8,
    "pca_components": 32,
    "out": "/root/gpufree-data/linziyao/VoxG/nexus/investigations/2026-04-27-global-ga-score/experiments/outputs/tokenization_theory_probe/grid/elliptic__hop_attr__diag_gaussian__label_gate__descriptor_similarity__normal_soft_or__residual_cosine.json"
  },
  "meta": {
    "dataset": "elliptic",
    "n": 46564,
    "normal_train": 2086,
    "anomaly_rate": 0.09760759384932566,
    "descriptor_dim": 279
  },
  "scores": {
    "ga": {
      "auc": 0.43659786050477295,
      "ap": 0.07987329467934588,
      "top16_density": 0.0,
      "top32_density": 0.0,
      "top64_density": 0.0,
      "top128_density": 0.0,
      "top256_density": 0.0,
      "top512_density": 0.01171875
    },
    "residual_norm": {
      "auc": 0.2355012928171134,
      "ap": 0.06011513835315604,
      "top16_density": 0.0,
      "top32_density": 0.0,
      "top64_density": 0.0,
      "top128_density": 0.015625,
      "top256_density": 0.03125,
      "top512_density": 0.025390625
    },
    "rn_explanation_error": {
      "auc": 0.34343888278734824,
      "ap": 0.0691447032506806,
      "top16_density": 0.0,
      "top32_density": 0.0,
      "top64_density": 0.0,
      "top128_density": 0.0234375,
      "top256_density": 0.0234375,
      "top512_density": 0.0859375
    },
    "ra_residual_alignment": {
      "auc": 0.6908383605918125,
      "ap": 0.42722144294375014,
      "top16_density": 1.0,
      "top32_density": 1.0,
      "top64_density": 1.0,
      "top128_density": 1.0,
      "top256_density": 1.0,
      "top512_density": 0.900390625
    },
    "contrast_margin": {
      "auc": 0.7346919753495138,
      "ap": 0.198467466613813,
      "top16_density": 0.125,
      "top32_density": 0.53125,
      "top64_density": 0.5625,
      "top128_density": 0.6484375,
      "top256_density": 0.43359375,
      "top512_density": 0.244140625
    }
  },
  "reference": {
    "normal_ref_normal_ratio": 1.0,
    "anom_ref_anom_ratio": 0.09970148612662143,
    "anom_ref_anom_ratio_on_anom_nodes": 0.6305830583058306,
    "rn_err_mean_normal": 2.982702888434444,
    "rn_err_mean_anom": 0.13062939255201922,
    "align_mean_normal": 0.8496918082237244,
    "align_mean_anom": 0.9089173078536987,
    "contrast_mean_normal": 0.04938989877700806,
    "contrast_mean_anom": 0.13445426523685455
  },
  "elapsed_sec": 182.6578369140625
}