{
  "config": {
    "dataset": "elliptic",
    "seed": 0,
    "train_rate": 0.05,
    "descriptor_mode": "rwse",
    "pn_estimator": "diag_gaussian",
    "gn_mode": "normal_density",
    "ln_mode": "reconstruction_gain",
    "ga_mode": "normal_soft_or",
    "la_mode": "descriptor_similarity",
    "reference_mode": "dual_reference",
    "normal_k": 4,
    "anom_k": 16,
    "hops": 2,
    "rw_steps": 8,
    "pca_components": 32,
    "out": "/root/gpufree-data/linziyao/VoxG/nexus/investigations/2026-04-27-global-ga-score/experiments/outputs/tokenization_theory_probe/grid/elliptic__rwse__diag_gaussian__normal_density__reconstruction_gain__normal_soft_or__descriptor_similarity.json"
  },
  "meta": {
    "dataset": "elliptic",
    "n": 46564,
    "normal_train": 2086,
    "anomaly_rate": 0.09760759384932566,
    "descriptor_dim": 8
  },
  "scores": {
    "ga": {
      "auc": 0.43659786050477295,
      "ap": 0.07987329467934588,
      "top16_density": 0.0,
      "top32_density": 0.0,
      "top64_density": 0.0,
      "top128_density": 0.0,
      "top256_density": 0.0,
      "top512_density": 0.01171875
    },
    "residual_norm": {
      "auc": 0.5932812520167745,
      "ap": 0.1320042949170575,
      "top16_density": 0.0,
      "top32_density": 0.0,
      "top64_density": 0.0,
      "top128_density": 0.0,
      "top256_density": 0.0078125,
      "top512_density": 0.03125
    },
    "rn_explanation_error": {
      "auc": 0.6209619693495564,
      "ap": 0.14339272470808204,
      "top16_density": 0.0,
      "top32_density": 0.0,
      "top64_density": 0.0,
      "top128_density": 0.0,
      "top256_density": 0.0,
      "top512_density": 0.056640625
    },
    "ra_residual_alignment": {
      "auc": 0.4059218901732625,
      "ap": 0.09579916573671095,
      "top16_density": 0.0,
      "top32_density": 0.0,
      "top64_density": 0.0625,
      "top128_density": 0.1015625,
      "top256_density": 0.07421875,
      "top512_density": 0.099609375
    },
    "contrast_margin": {
      "auc": 0.5901880078295557,
      "ap": 0.1363127245441093,
      "top16_density": 0.0,
      "top32_density": 0.0,
      "top64_density": 0.0,
      "top128_density": 0.0,
      "top256_density": 0.0234375,
      "top512_density": 0.05859375
    }
  },
  "reference": {
    "normal_ref_normal_ratio": 0.9821535950519715,
    "anom_ref_anom_ratio": 0.008499055063997939,
    "anom_ref_anom_ratio_on_anom_nodes": 0.005363036303630363,
    "rn_err_mean_normal": 0.21727815036337325,
    "rn_err_mean_anom": 0.2160945585883797,
    "align_mean_normal": 0.30897217988967896,
    "align_mean_anom": 0.16241991519927979,
    "contrast_mean_normal": -0.4796210527420044,
    "contrast_mean_anom": -0.38057947158813477
  },
  "elapsed_sec": 350.99591970443726
}