{
  "config": {
    "dataset": "elliptic",
    "seed": 0,
    "train_rate": 0.05,
    "descriptor_mode": "rwse",
    "pn_estimator": "diag_gaussian",
    "gn_mode": "normal_density",
    "ln_mode": "descriptor_similarity",
    "ga_mode": "normal_rejection",
    "la_mode": "residual_cosine",
    "reference_mode": "dual_reference",
    "normal_k": 4,
    "anom_k": 16,
    "hops": 2,
    "rw_steps": 8,
    "pca_components": 32,
    "out": "/root/gpufree-data/linziyao/VoxG/nexus/investigations/2026-04-27-global-ga-score/experiments/outputs/tokenization_theory_probe/grid/elliptic__rwse__diag_gaussian__normal_density__descriptor_similarity__normal_rejection__residual_cosine.json"
  },
  "meta": {
    "dataset": "elliptic",
    "n": 46564,
    "normal_train": 2086,
    "anomaly_rate": 0.09760759384932566,
    "descriptor_dim": 8
  },
  "scores": {
    "ga": {
      "auc": 0.6039716382690412,
      "ap": 0.1235011213873495,
      "top16_density": 0.0,
      "top32_density": 0.0,
      "top64_density": 0.0,
      "top128_density": 0.0,
      "top256_density": 0.0078125,
      "top512_density": 0.02734375
    },
    "residual_norm": {
      "auc": 0.5932812520167745,
      "ap": 0.1320042949170575,
      "top16_density": 0.0,
      "top32_density": 0.0,
      "top64_density": 0.0,
      "top128_density": 0.0,
      "top256_density": 0.0078125,
      "top512_density": 0.03125
    },
    "rn_explanation_error": {
      "auc": 0.6199723494565597,
      "ap": 0.14407982718134096,
      "top16_density": 0.0,
      "top32_density": 0.0,
      "top64_density": 0.0,
      "top128_density": 0.0,
      "top256_density": 0.0078125,
      "top512_density": 0.0625
    },
    "ra_residual_alignment": {
      "auc": 0.658414870259724,
      "ap": 0.16410062032451658,
      "top16_density": 0.1875,
      "top32_density": 0.21875,
      "top64_density": 0.203125,
      "top128_density": 0.1796875,
      "top256_density": 0.20703125,
      "top512_density": 0.294921875
    },
    "contrast_margin": {
      "auc": 0.6460709285188735,
      "ap": 0.15933187225069773,
      "top16_density": 0.3125,
      "top32_density": 0.21875,
      "top64_density": 0.1875,
      "top128_density": 0.1484375,
      "top256_density": 0.09375,
      "top512_density": 0.09765625
    }
  },
  "reference": {
    "normal_ref_normal_ratio": 0.9852407439223434,
    "anom_ref_anom_ratio": 0.09681701529078258,
    "anom_ref_anom_ratio_on_anom_nodes": 0.12615511551155115,
    "rn_err_mean_normal": 0.21110781914325508,
    "rn_err_mean_anom": 0.23425051792612409,
    "align_mean_normal": 0.9298168420791626,
    "align_mean_anom": 0.9599245190620422,
    "contrast_mean_normal": 0.14437353610992432,
    "contrast_mean_anom": 0.4188227355480194
  },
  "elapsed_sec": 340.67795491218567
}