{
  "config": {
    "dataset": "elliptic",
    "seed": 0,
    "train_rate": 0.05,
    "descriptor_mode": "hop_attr_rwse",
    "pn_estimator": "diag_gaussian",
    "gn_mode": "normal_density",
    "ln_mode": "descriptor_similarity",
    "ga_mode": "normal_rejection",
    "la_mode": "residual_cosine",
    "reference_mode": "dual_reference",
    "normal_k": 4,
    "anom_k": 16,
    "hops": 2,
    "rw_steps": 8,
    "pca_components": 32,
    "out": "/root/gpufree-data/linziyao/VoxG/nexus/investigations/2026-04-27-global-ga-score/experiments/outputs/tokenization_theory_probe/grid/elliptic__hop_attr_rwse__diag_gaussian__normal_density__descriptor_similarity__normal_rejection__residual_cosine.json"
  },
  "meta": {
    "dataset": "elliptic",
    "n": 46564,
    "normal_train": 2086,
    "anomaly_rate": 0.09760759384932566,
    "descriptor_dim": 287
  },
  "scores": {
    "ga": {
      "auc": 0.34971299457464256,
      "ap": 0.06993249783571395,
      "top16_density": 0.0,
      "top32_density": 0.0,
      "top64_density": 0.0,
      "top128_density": 0.015625,
      "top256_density": 0.03125,
      "top512_density": 0.025390625
    },
    "residual_norm": {
      "auc": 0.34971302337401927,
      "ap": 0.06995130131024928,
      "top16_density": 0.0,
      "top32_density": 0.0,
      "top64_density": 0.0,
      "top128_density": 0.015625,
      "top256_density": 0.03125,
      "top512_density": 0.025390625
    },
    "rn_explanation_error": {
      "auc": 0.35197413313286874,
      "ap": 0.06945982731037885,
      "top16_density": 0.0,
      "top32_density": 0.0,
      "top64_density": 0.0,
      "top128_density": 0.0078125,
      "top256_density": 0.015625,
      "top512_density": 0.025390625
    },
    "ra_residual_alignment": {
      "auc": 0.5895515101856458,
      "ap": 0.13647992292087258,
      "top16_density": 1.0,
      "top32_density": 0.8125,
      "top64_density": 0.421875,
      "top128_density": 0.234375,
      "top256_density": 0.12890625,
      "top512_density": 0.08203125
    },
    "contrast_margin": {
      "auc": 0.3894061073686321,
      "ap": 0.07558957964349045,
      "top16_density": 0.0,
      "top32_density": 0.09375,
      "top64_density": 0.0625,
      "top128_density": 0.2265625,
      "top256_density": 0.1328125,
      "top512_density": 0.080078125
    }
  },
  "reference": {
    "normal_ref_normal_ratio": 0.7979125504681729,
    "anom_ref_anom_ratio": 0.046168982475732326,
    "anom_ref_anom_ratio_on_anom_nodes": 0.18352585258525853,
    "rn_err_mean_normal": 8.626312284408682,
    "rn_err_mean_anom": 0.24276848874742163,
    "align_mean_normal": 0.7841131687164307,
    "align_mean_anom": 0.8167695999145508,
    "contrast_mean_normal": -0.03409018740057945,
    "contrast_mean_anom": -0.10075679421424866
  },
  "elapsed_sec": 351.69762420654297
}