{
  "config": {
    "dataset": "elliptic",
    "seed": 0,
    "train_rate": 0.05,
    "descriptor_mode": "rwse",
    "pn_estimator": "pca_residual",
    "gn_mode": "normal_density",
    "ln_mode": "descriptor_similarity",
    "ga_mode": "residual_norm",
    "la_mode": "descriptor_similarity",
    "reference_mode": "dual_reference",
    "normal_k": 4,
    "anom_k": 16,
    "hops": 2,
    "rw_steps": 8,
    "pca_components": 32,
    "out": "/root/gpufree-data/linziyao/VoxG/nexus/investigations/2026-04-27-global-ga-score/experiments/outputs/tokenization_theory_probe/grid/elliptic__rwse__pca_residual__normal_density__descriptor_similarity__residual_norm__descriptor_similarity.json"
  },
  "meta": {
    "dataset": "elliptic",
    "n": 46564,
    "normal_train": 2086,
    "anomaly_rate": 0.09760759384932566,
    "descriptor_dim": 8
  },
  "scores": {
    "ga": {
      "auc": 0.6328901083068634,
      "ap": 0.1403382973286968,
      "top16_density": 0.0,
      "top32_density": 0.0,
      "top64_density": 0.0,
      "top128_density": 0.0,
      "top256_density": 0.0078125,
      "top512_density": 0.03125
    },
    "residual_norm": {
      "auc": 0.6235831053535397,
      "ap": 0.14439971575232127,
      "top16_density": 0.0,
      "top32_density": 0.0,
      "top64_density": 0.0,
      "top128_density": 0.0,
      "top256_density": 0.0078125,
      "top512_density": 0.037109375
    },
    "rn_explanation_error": {
      "auc": 0.5963743705339858,
      "ap": 0.13049126590432297,
      "top16_density": 0.0,
      "top32_density": 0.0,
      "top64_density": 0.015625,
      "top128_density": 0.0078125,
      "top256_density": 0.00390625,
      "top512_density": 0.0078125
    },
    "ra_residual_alignment": {
      "auc": 0.41133244217589127,
      "ap": 0.09715032927163562,
      "top16_density": 0.1875,
      "top32_density": 0.21875,
      "top64_density": 0.203125,
      "top128_density": 0.1875,
      "top256_density": 0.20703125,
      "top512_density": 0.1796875
    },
    "contrast_margin": {
      "auc": 0.47886604339055483,
      "ap": 0.1061950835451238,
      "top16_density": 0.0,
      "top32_density": 0.0,
      "top64_density": 0.03125,
      "top128_density": 0.0859375,
      "top256_density": 0.125,
      "top512_density": 0.08984375
    }
  },
  "reference": {
    "normal_ref_normal_ratio": 0.8579213555536466,
    "anom_ref_anom_ratio": 0.024376395928184864,
    "anom_ref_anom_ratio_on_anom_nodes": 0.022084708470847085,
    "rn_err_mean_normal": 0.16215975082681397,
    "rn_err_mean_anom": 0.08569035352201428,
    "align_mean_normal": 0.011260648258030415,
    "align_mean_anom": -0.23930978775024414,
    "contrast_mean_normal": -0.7767683863639832,
    "contrast_mean_anom": -0.7814499139785767
  },
  "elapsed_sec": 340.5348787307739
}