{
  "config": {
    "dataset": "elliptic",
    "seed": 0,
    "train_rate": 0.05,
    "descriptor_mode": "rwse",
    "pn_estimator": "diag_gaussian",
    "gn_mode": "normal_density",
    "ln_mode": "descriptor_similarity",
    "ga_mode": "normal_soft_or",
    "la_mode": "residual_cosine",
    "reference_mode": "dual_reference",
    "normal_k": 4,
    "anom_k": 16,
    "hops": 2,
    "rw_steps": 8,
    "pca_components": 32,
    "out": "/root/gpufree-data/linziyao/VoxG/nexus/investigations/2026-04-27-global-ga-score/experiments/outputs/tokenization_theory_probe/grid/elliptic__rwse__diag_gaussian__normal_density__descriptor_similarity__normal_soft_or__residual_cosine.json"
  },
  "meta": {
    "dataset": "elliptic",
    "n": 46564,
    "normal_train": 2086,
    "anomaly_rate": 0.09760759384932566,
    "descriptor_dim": 8
  },
  "scores": {
    "ga": {
      "auc": 0.43659786050477295,
      "ap": 0.07987329467934588,
      "top16_density": 0.0,
      "top32_density": 0.0,
      "top64_density": 0.0,
      "top128_density": 0.0,
      "top256_density": 0.0,
      "top512_density": 0.01171875
    },
    "residual_norm": {
      "auc": 0.5932812520167745,
      "ap": 0.1320042949170575,
      "top16_density": 0.0,
      "top32_density": 0.0,
      "top64_density": 0.0,
      "top128_density": 0.0,
      "top256_density": 0.0078125,
      "top512_density": 0.03125
    },
    "rn_explanation_error": {
      "auc": 0.6199723494565597,
      "ap": 0.14407982718134096,
      "top16_density": 0.0,
      "top32_density": 0.0,
      "top64_density": 0.0,
      "top128_density": 0.0,
      "top256_density": 0.0078125,
      "top512_density": 0.0625
    },
    "ra_residual_alignment": {
      "auc": 0.6452037609577375,
      "ap": 0.14878533752476952,
      "top16_density": 0.0,
      "top32_density": 0.03125,
      "top64_density": 0.03125,
      "top128_density": 0.0546875,
      "top256_density": 0.04296875,
      "top512_density": 0.0546875
    },
    "contrast_margin": {
      "auc": 0.6362412823304748,
      "ap": 0.15627886164305194,
      "top16_density": 0.4375,
      "top32_density": 0.5,
      "top64_density": 0.390625,
      "top128_density": 0.4375,
      "top256_density": 0.33203125,
      "top512_density": 0.365234375
    }
  },
  "reference": {
    "normal_ref_normal_ratio": 0.9852407439223434,
    "anom_ref_anom_ratio": 0.016015591444034017,
    "anom_ref_anom_ratio_on_anom_nodes": 0.010162266226622663,
    "rn_err_mean_normal": 0.21110781914325508,
    "rn_err_mean_anom": 0.23425051792612409,
    "align_mean_normal": 0.9949941039085388,
    "align_mean_anom": 0.9974149465560913,
    "contrast_mean_normal": 0.2095506340265274,
    "contrast_mean_anom": 0.45631328225135803
  },
  "elapsed_sec": 346.7198803424835
}