{
  "config": {
    "dataset": "elliptic",
    "seed": 0,
    "train_rate": 0.05,
    "descriptor_mode": "rwse",
    "pn_estimator": "pca_residual",
    "gn_mode": "label_gate_density",
    "ln_mode": "descriptor_similarity",
    "ga_mode": "normal_rejection",
    "la_mode": "residual_cosine",
    "reference_mode": "dual_reference",
    "normal_k": 4,
    "anom_k": 16,
    "hops": 2,
    "rw_steps": 8,
    "pca_components": 32,
    "out": "/root/gpufree-data/linziyao/VoxG/nexus/investigations/2026-04-27-global-ga-score/experiments/outputs/tokenization_theory_probe/grid/elliptic__rwse__pca_residual__label_gate_density__descriptor_similarity__normal_rejection__residual_cosine.json"
  },
  "meta": {
    "dataset": "elliptic",
    "n": 46564,
    "normal_train": 2086,
    "anomaly_rate": 0.09760759384932566,
    "descriptor_dim": 8
  },
  "scores": {
    "ga": {
      "auc": 0.6328901083068634,
      "ap": 0.1403382973286968,
      "top16_density": 0.0,
      "top32_density": 0.0,
      "top64_density": 0.0,
      "top128_density": 0.0,
      "top256_density": 0.0078125,
      "top512_density": 0.03125
    },
    "residual_norm": {
      "auc": 0.6235831053535397,
      "ap": 0.14439971575232127,
      "top16_density": 0.0,
      "top32_density": 0.0,
      "top64_density": 0.0,
      "top128_density": 0.0,
      "top256_density": 0.0078125,
      "top512_density": 0.037109375
    },
    "rn_explanation_error": {
      "auc": 0.5998195457233436,
      "ap": 0.14152797963919583,
      "top16_density": 0.0,
      "top32_density": 0.0,
      "top64_density": 0.0,
      "top128_density": 0.0,
      "top256_density": 0.0078125,
      "top512_density": 0.00390625
    },
    "ra_residual_alignment": {
      "auc": 0.6498137452670516,
      "ap": 0.15519002704269408,
      "top16_density": 0.1875,
      "top32_density": 0.09375,
      "top64_density": 0.109375,
      "top128_density": 0.125,
      "top256_density": 0.12109375,
      "top512_density": 0.1328125
    },
    "contrast_margin": {
      "auc": 0.6534530308739006,
      "ap": 0.1614024377915799,
      "top16_density": 0.3125,
      "top32_density": 0.25,
      "top64_density": 0.3125,
      "top128_density": 0.28125,
      "top256_density": 0.25,
      "top512_density": 0.244140625
    }
  },
  "reference": {
    "normal_ref_normal_ratio": 1.0,
    "anom_ref_anom_ratio": 0.18328402843398334,
    "anom_ref_anom_ratio_on_anom_nodes": 0.26723047304730474,
    "rn_err_mean_normal": 0.084092383915398,
    "rn_err_mean_anom": 0.021638779516607178,
    "align_mean_normal": 0.9250834584236145,
    "align_mean_anom": 0.9589237570762634,
    "contrast_mean_normal": 0.13970457017421722,
    "contrast_mean_anom": 0.41818156838417053
  },
  "elapsed_sec": 177.2691674232483
}