{
  "config": {
    "dataset": "elliptic",
    "seed": 0,
    "train_rate": 0.05,
    "descriptor_mode": "rwse",
    "pn_estimator": "pca_residual",
    "gn_mode": "label_gate",
    "ln_mode": "reconstruction_gain",
    "ga_mode": "normal_soft_or",
    "la_mode": "residual_cosine",
    "reference_mode": "dual_reference",
    "normal_k": 4,
    "anom_k": 16,
    "hops": 2,
    "rw_steps": 8,
    "pca_components": 32,
    "out": "/root/gpufree-data/linziyao/VoxG/nexus/investigations/2026-04-27-global-ga-score/experiments/outputs/tokenization_theory_probe/grid/elliptic__rwse__pca_residual__label_gate__reconstruction_gain__normal_soft_or__residual_cosine.json"
  },
  "meta": {
    "dataset": "elliptic",
    "n": 46564,
    "normal_train": 2086,
    "anomaly_rate": 0.09760759384932566,
    "descriptor_dim": 8
  },
  "scores": {
    "ga": {
      "auc": 0.43659786050477295,
      "ap": 0.07987329467934588,
      "top16_density": 0.0,
      "top32_density": 0.0,
      "top64_density": 0.0,
      "top128_density": 0.0,
      "top256_density": 0.0,
      "top512_density": 0.01171875
    },
    "residual_norm": {
      "auc": 0.6235831053535397,
      "ap": 0.14439971575232127,
      "top16_density": 0.0,
      "top32_density": 0.0,
      "top64_density": 0.0,
      "top128_density": 0.0,
      "top256_density": 0.0078125,
      "top512_density": 0.037109375
    },
    "rn_explanation_error": {
      "auc": 0.4011551718012421,
      "ap": 0.08336644539144819,
      "top16_density": 0.0,
      "top32_density": 0.03125,
      "top64_density": 0.03125,
      "top128_density": 0.03125,
      "top256_density": 0.0234375,
      "top512_density": 0.0234375
    },
    "ra_residual_alignment": {
      "auc": 0.6502863927840701,
      "ap": 0.1553098835377555,
      "top16_density": 0.1875,
      "top32_density": 0.21875,
      "top64_density": 0.21875,
      "top128_density": 0.2421875,
      "top256_density": 0.1875,
      "top512_density": 0.193359375
    },
    "contrast_margin": {
      "auc": 0.6570308821738691,
      "ap": 0.16246091433711315,
      "top16_density": 0.4375,
      "top32_density": 0.59375,
      "top64_density": 0.578125,
      "top128_density": 0.546875,
      "top256_density": 0.40625,
      "top512_density": 0.41796875
    }
  },
  "reference": {
    "normal_ref_normal_ratio": 1.0,
    "anom_ref_anom_ratio": 0.022568400481058327,
    "anom_ref_anom_ratio_on_anom_nodes": 0.017863036303630363,
    "rn_err_mean_normal": 0.008229146827973452,
    "rn_err_mean_anom": 0.0008862256788379968,
    "align_mean_normal": 0.983733057975769,
    "align_mean_anom": 0.9911525845527649,
    "contrast_mean_normal": 0.18916355073451996,
    "contrast_mean_anom": 0.44463208317756653
  },
  "elapsed_sec": 179.72128820419312
}