{
  "config": {
    "dataset": "elliptic",
    "seed": 0,
    "train_rate": 0.05,
    "descriptor_mode": "hop_attr",
    "pn_estimator": "diag_gaussian",
    "gn_mode": "normal_density",
    "ln_mode": "reconstruction_gain",
    "ga_mode": "normal_soft_or",
    "la_mode": "descriptor_similarity",
    "reference_mode": "dual_reference",
    "normal_k": 4,
    "anom_k": 16,
    "hops": 2,
    "rw_steps": 8,
    "pca_components": 32,
    "out": "/root/gpufree-data/linziyao/VoxG/nexus/investigations/2026-04-27-global-ga-score/experiments/outputs/tokenization_theory_probe/grid/elliptic__hop_attr__diag_gaussian__normal_density__reconstruction_gain__normal_soft_or__descriptor_similarity.json"
  },
  "meta": {
    "dataset": "elliptic",
    "n": 46564,
    "normal_train": 2086,
    "anomaly_rate": 0.09760759384932566,
    "descriptor_dim": 279
  },
  "scores": {
    "ga": {
      "auc": 0.43659786050477295,
      "ap": 0.07987329467934588,
      "top16_density": 0.0,
      "top32_density": 0.0,
      "top64_density": 0.0,
      "top128_density": 0.0,
      "top256_density": 0.0,
      "top512_density": 0.01171875
    },
    "residual_norm": {
      "auc": 0.2355012928171134,
      "ap": 0.06011513835315604,
      "top16_density": 0.0,
      "top32_density": 0.0,
      "top64_density": 0.0,
      "top128_density": 0.015625,
      "top256_density": 0.03125,
      "top512_density": 0.025390625
    },
    "rn_explanation_error": {
      "auc": 0.5025240690136745,
      "ap": 0.08886662485448794,
      "top16_density": 0.0,
      "top32_density": 0.0,
      "top64_density": 0.0,
      "top128_density": 0.0,
      "top256_density": 0.015625,
      "top512_density": 0.017578125
    },
    "ra_residual_alignment": {
      "auc": 0.697025466843788,
      "ap": 0.4550195920824282,
      "top16_density": 1.0,
      "top32_density": 1.0,
      "top64_density": 1.0,
      "top128_density": 1.0,
      "top256_density": 1.0,
      "top512_density": 1.0
    },
    "contrast_margin": {
      "auc": 0.49132694987293063,
      "ap": 0.0919156373523971,
      "top16_density": 0.875,
      "top32_density": 0.46875,
      "top64_density": 0.265625,
      "top128_density": 0.1328125,
      "top256_density": 0.10546875,
      "top512_density": 0.07421875
    }
  },
  "reference": {
    "normal_ref_normal_ratio": 0.8325315694527962,
    "anom_ref_anom_ratio": 0.10741130487071557,
    "anom_ref_anom_ratio_on_anom_nodes": 0.6836908690869087,
    "rn_err_mean_normal": 8.93912293073057,
    "rn_err_mean_anom": 0.1879414331210357,
    "align_mean_normal": 0.7630846500396729,
    "align_mean_anom": 0.8613258004188538,
    "contrast_mean_normal": 0.03739532083272934,
    "contrast_mean_anom": -0.02731090784072876
  },
  "elapsed_sec": 351.5074429512024
}