{
  "config": {
    "dataset": "photo",
    "seed": 0,
    "train_rate": 0.05,
    "descriptor_mode": "hop_attr",
    "pn_estimator": "diag_gaussian",
    "gn_mode": "normal_density",
    "ln_mode": "descriptor_similarity",
    "ga_mode": "normal_soft_or",
    "la_mode": "residual_cosine",
    "reference_mode": "dual_reference",
    "normal_k": 4,
    "anom_k": 16,
    "hops": 2,
    "rw_steps": 8,
    "pca_components": 32,
    "out": "/root/gpufree-data/linziyao/VoxG/nexus/investigations/2026-04-27-global-ga-score/experiments/outputs/tokenization_theory_probe/grid/photo__hop_attr__diag_gaussian__normal_density__descriptor_similarity__normal_soft_or__residual_cosine.json"
  },
  "meta": {
    "dataset": "photo",
    "n": 7535,
    "normal_train": 355,
    "anomaly_rate": 0.09263437292634373,
    "descriptor_dim": 2235
  },
  "scores": {
    "ga": {
      "auc": 0.45202783774280597,
      "ap": 0.08008436180108545,
      "top16_density": 0.0,
      "top32_density": 0.03125,
      "top64_density": 0.0625,
      "top128_density": 0.0390625,
      "top256_density": 0.04296875,
      "top512_density": 0.064453125
    },
    "residual_norm": {
      "auc": 0.44723238170195634,
      "ap": 0.07879747011047447,
      "top16_density": 0.1875,
      "top32_density": 0.15625,
      "top64_density": 0.09375,
      "top128_density": 0.0625,
      "top256_density": 0.03515625,
      "top512_density": 0.029296875
    },
    "rn_explanation_error": {
      "auc": 0.4364541830164791,
      "ap": 0.07631614207959303,
      "top16_density": 0.125,
      "top32_density": 0.0625,
      "top64_density": 0.09375,
      "top128_density": 0.0546875,
      "top256_density": 0.03515625,
      "top512_density": 0.029296875
    },
    "ra_residual_alignment": {
      "auc": 0.4879565636665153,
      "ap": 0.08541667845049405,
      "top16_density": 0.0,
      "top32_density": 0.0,
      "top64_density": 0.0,
      "top128_density": 0.0390625,
      "top256_density": 0.03515625,
      "top512_density": 0.03125
    },
    "contrast_margin": {
      "auc": 0.5246046603828066,
      "ap": 0.10057205998020047,
      "top16_density": 0.0,
      "top32_density": 0.09375,
      "top64_density": 0.09375,
      "top128_density": 0.078125,
      "top256_density": 0.078125,
      "top512_density": 0.109375
    }
  },
  "reference": {
    "normal_ref_normal_ratio": 0.8280690112806901,
    "anom_ref_anom_ratio": 0.056312209688122096,
    "anom_ref_anom_ratio_on_anom_nodes": 0.3674785100286533,
    "rn_err_mean_normal": 0.6868296041527848,
    "rn_err_mean_anom": 0.5019090795020232,
    "align_mean_normal": 0.6551901698112488,
    "align_mean_anom": 0.6462631225585938,
    "contrast_mean_normal": -0.049154140055179596,
    "contrast_mean_anom": -0.03201020509004593
  },
  "elapsed_sec": 39.77367568016052
}