{
  "config": {
    "dataset": "photo",
    "seed": 0,
    "train_rate": 0.05,
    "descriptor_mode": "hop_attr_rwse",
    "pn_estimator": "diag_gaussian",
    "gn_mode": "normal_density",
    "ln_mode": "reconstruction_gain",
    "ga_mode": "normal_soft_or",
    "la_mode": "descriptor_similarity",
    "reference_mode": "dual_reference",
    "normal_k": 4,
    "anom_k": 16,
    "hops": 2,
    "rw_steps": 8,
    "pca_components": 32,
    "out": "/root/gpufree-data/linziyao/VoxG/nexus/investigations/2026-04-27-global-ga-score/experiments/outputs/tokenization_theory_probe/grid/photo__hop_attr_rwse__diag_gaussian__normal_density__reconstruction_gain__normal_soft_or__descriptor_similarity.json"
  },
  "meta": {
    "dataset": "photo",
    "n": 7535,
    "normal_train": 355,
    "anomaly_rate": 0.09263437292634373,
    "descriptor_dim": 2243
  },
  "scores": {
    "ga": {
      "auc": 0.45202783774280597,
      "ap": 0.08008436180108545,
      "top16_density": 0.0,
      "top32_density": 0.03125,
      "top64_density": 0.0625,
      "top128_density": 0.0390625,
      "top256_density": 0.04296875,
      "top512_density": 0.064453125
    },
    "residual_norm": {
      "auc": 0.4472001116460117,
      "ap": 0.07869263379617508,
      "top16_density": 0.125,
      "top32_density": 0.15625,
      "top64_density": 0.09375,
      "top128_density": 0.0703125,
      "top256_density": 0.04296875,
      "top512_density": 0.029296875
    },
    "rn_explanation_error": {
      "auc": 0.40816151624001046,
      "ap": 0.07303793816425562,
      "top16_density": 0.125,
      "top32_density": 0.0625,
      "top64_density": 0.078125,
      "top128_density": 0.0703125,
      "top256_density": 0.04296875,
      "top512_density": 0.02734375
    },
    "ra_residual_alignment": {
      "auc": 0.3715410795716716,
      "ap": 0.06767956751003697,
      "top16_density": 0.0,
      "top32_density": 0.0,
      "top64_density": 0.0,
      "top128_density": 0.046875,
      "top256_density": 0.03125,
      "top512_density": 0.025390625
    },
    "contrast_margin": {
      "auc": 0.3725839891069702,
      "ap": 0.06841681518982459,
      "top16_density": 0.0,
      "top32_density": 0.125,
      "top64_density": 0.0625,
      "top128_density": 0.0390625,
      "top256_density": 0.02734375,
      "top512_density": 0.037109375
    }
  },
  "reference": {
    "normal_ref_normal_ratio": 0.8360650298606503,
    "anom_ref_anom_ratio": 0.12260285335102854,
    "anom_ref_anom_ratio_on_anom_nodes": 0.2029906876790831,
    "rn_err_mean_normal": 0.49844079434310995,
    "rn_err_mean_anom": 0.2689806283446797,
    "align_mean_normal": 0.0005772762233391404,
    "align_mean_anom": -0.25046655535697937,
    "contrast_mean_normal": -0.7403042316436768,
    "contrast_mean_anom": -0.972115159034729
  },
  "elapsed_sec": 68.66855907440186
}