{
  "config": {
    "dataset": "photo",
    "seed": 0,
    "train_rate": 0.05,
    "descriptor_mode": "hop_attr_rwse",
    "pn_estimator": "diag_gaussian",
    "gn_mode": "normal_density",
    "ln_mode": "descriptor_similarity",
    "ga_mode": "normal_rejection",
    "la_mode": "descriptor_similarity",
    "reference_mode": "dual_reference",
    "normal_k": 4,
    "anom_k": 16,
    "hops": 2,
    "rw_steps": 8,
    "pca_components": 32,
    "out": "/root/gpufree-data/linziyao/VoxG/nexus/investigations/2026-04-27-global-ga-score/experiments/outputs/tokenization_theory_probe/grid/photo__hop_attr_rwse__diag_gaussian__normal_density__descriptor_similarity__normal_rejection__descriptor_similarity.json"
  },
  "meta": {
    "dataset": "photo",
    "n": 7535,
    "normal_train": 355,
    "anomaly_rate": 0.09263437292634373,
    "descriptor_dim": 2243
  },
  "scores": {
    "ga": {
      "auc": 0.44720011164601176,
      "ap": 0.07869263379617508,
      "top16_density": 0.125,
      "top32_density": 0.15625,
      "top64_density": 0.09375,
      "top128_density": 0.0703125,
      "top256_density": 0.04296875,
      "top512_density": 0.029296875
    },
    "residual_norm": {
      "auc": 0.4472001116460117,
      "ap": 0.07869263379617508,
      "top16_density": 0.125,
      "top32_density": 0.15625,
      "top64_density": 0.09375,
      "top128_density": 0.0703125,
      "top256_density": 0.04296875,
      "top512_density": 0.029296875
    },
    "rn_explanation_error": {
      "auc": 0.4370203758162333,
      "ap": 0.0763890039681723,
      "top16_density": 0.125,
      "top32_density": 0.0625,
      "top64_density": 0.0625,
      "top128_density": 0.0703125,
      "top256_density": 0.04296875,
      "top512_density": 0.02734375
    },
    "ra_residual_alignment": {
      "auc": 0.37059298951893727,
      "ap": 0.06757824201839577,
      "top16_density": 0.0,
      "top32_density": 0.0,
      "top64_density": 0.0,
      "top128_density": 0.046875,
      "top256_density": 0.03515625,
      "top512_density": 0.025390625
    },
    "contrast_margin": {
      "auc": 0.36938003355247634,
      "ap": 0.06716277702245536,
      "top16_density": 0.0,
      "top32_density": 0.0,
      "top64_density": 0.0,
      "top128_density": 0.0,
      "top256_density": 0.0078125,
      "top512_density": 0.021484375
    }
  },
  "reference": {
    "normal_ref_normal_ratio": 0.827936297279363,
    "anom_ref_anom_ratio": 0.14100033178500332,
    "anom_ref_anom_ratio_on_anom_nodes": 0.1686067335243553,
    "rn_err_mean_normal": 0.7027510759649839,
    "rn_err_mean_anom": 0.5121107222173554,
    "align_mean_normal": -0.08141900599002838,
    "align_mean_anom": -0.3461575508117676,
    "contrast_mean_normal": -0.785737156867981,
    "contrast_mean_anom": -1.024325966835022
  },
  "elapsed_sec": 39.07577133178711
}