{
  "config": {
    "dataset": "photo",
    "seed": 0,
    "train_rate": 0.05,
    "descriptor_mode": "rwse",
    "pn_estimator": "pca_residual",
    "gn_mode": "normal_density",
    "ln_mode": "reconstruction_gain",
    "ga_mode": "normal_soft_or",
    "la_mode": "residual_cosine",
    "reference_mode": "dual_reference",
    "normal_k": 4,
    "anom_k": 16,
    "hops": 2,
    "rw_steps": 8,
    "pca_components": 32,
    "out": "/root/gpufree-data/linziyao/VoxG/nexus/investigations/2026-04-27-global-ga-score/experiments/outputs/tokenization_theory_probe/grid/photo__rwse__pca_residual__normal_density__reconstruction_gain__normal_soft_or__residual_cosine.json"
  },
  "meta": {
    "dataset": "photo",
    "n": 7535,
    "normal_train": 355,
    "anomaly_rate": 0.09263437292634373,
    "descriptor_dim": 8
  },
  "scores": {
    "ga": {
      "auc": 0.45202783774280597,
      "ap": 0.08008436180108545,
      "top16_density": 0.0,
      "top32_density": 0.03125,
      "top64_density": 0.0625,
      "top128_density": 0.0390625,
      "top256_density": 0.04296875,
      "top512_density": 0.064453125
    },
    "residual_norm": {
      "auc": 0.4949409353203306,
      "ap": 0.08649918383134018,
      "top16_density": 0.0625,
      "top32_density": 0.0625,
      "top64_density": 0.03125,
      "top128_density": 0.03125,
      "top256_density": 0.04296875,
      "top512_density": 0.0625
    },
    "rn_explanation_error": {
      "auc": 0.42685782274351636,
      "ap": 0.07516297295068149,
      "top16_density": 0.125,
      "top32_density": 0.0625,
      "top64_density": 0.03125,
      "top128_density": 0.0234375,
      "top256_density": 0.01171875,
      "top512_density": 0.033203125
    },
    "ra_residual_alignment": {
      "auc": 0.4384462303336012,
      "ap": 0.07844688771877235,
      "top16_density": 0.0625,
      "top32_density": 0.0625,
      "top64_density": 0.03125,
      "top128_density": 0.0390625,
      "top256_density": 0.05078125,
      "top512_density": 0.0625
    },
    "contrast_margin": {
      "auc": 0.5207960603709882,
      "ap": 0.1025313101716494,
      "top16_density": 0.125,
      "top32_density": 0.0625,
      "top64_density": 0.03125,
      "top128_density": 0.0859375,
      "top256_density": 0.13671875,
      "top512_density": 0.130859375
    }
  },
  "reference": {
    "normal_ref_normal_ratio": 0.9998341074983411,
    "anom_ref_anom_ratio": 0.06683808891838089,
    "anom_ref_anom_ratio_on_anom_nodes": 0.08022922636103152,
    "rn_err_mean_normal": 0.869279525218023,
    "rn_err_mean_anom": 0.5810519546216175,
    "align_mean_normal": 0.9747968912124634,
    "align_mean_anom": 0.9720101952552795,
    "contrast_mean_normal": -0.01522876601666212,
    "contrast_mean_anom": -0.01411269512027502
  },
  "elapsed_sec": 66.18083667755127
}