{
  "config": {
    "dataset": "photo",
    "seed": 0,
    "train_rate": 0.05,
    "descriptor_mode": "hop_attr_rwse",
    "pn_estimator": "pca_residual",
    "gn_mode": "label_gate",
    "ln_mode": "reconstruction_gain",
    "ga_mode": "normal_soft_or",
    "la_mode": "descriptor_similarity",
    "reference_mode": "dual_reference",
    "normal_k": 4,
    "anom_k": 16,
    "hops": 2,
    "rw_steps": 8,
    "pca_components": 32,
    "out": "/root/gpufree-data/linziyao/VoxG/nexus/investigations/2026-04-27-global-ga-score/experiments/outputs/tokenization_theory_probe/grid/photo__hop_attr_rwse__pca_residual__label_gate__reconstruction_gain__normal_soft_or__descriptor_similarity.json"
  },
  "meta": {
    "dataset": "photo",
    "n": 7535,
    "normal_train": 355,
    "anomaly_rate": 0.09263437292634373,
    "descriptor_dim": 2243
  },
  "scores": {
    "ga": {
      "auc": 0.45202783774280597,
      "ap": 0.08008436180108545,
      "top16_density": 0.0,
      "top32_density": 0.03125,
      "top64_density": 0.0625,
      "top128_density": 0.0390625,
      "top256_density": 0.04296875,
      "top512_density": 0.064453125
    },
    "residual_norm": {
      "auc": 0.5790953739407982,
      "ap": 0.12185992478547043,
      "top16_density": 0.0,
      "top32_density": 0.0625,
      "top64_density": 0.03125,
      "top128_density": 0.0703125,
      "top256_density": 0.15625,
      "top512_density": 0.162109375
    },
    "rn_explanation_error": {
      "auc": 0.5408520049134304,
      "ap": 0.10098396820624325,
      "top16_density": 0.0,
      "top32_density": 0.0625,
      "top64_density": 0.03125,
      "top128_density": 0.0546875,
      "top256_density": 0.06640625,
      "top512_density": 0.1015625
    },
    "ra_residual_alignment": {
      "auc": 0.572147463259284,
      "ap": 0.10974721040041366,
      "top16_density": 0.375,
      "top32_density": 0.21875,
      "top64_density": 0.15625,
      "top128_density": 0.15625,
      "top256_density": 0.10546875,
      "top512_density": 0.072265625
    },
    "contrast_margin": {
      "auc": 0.6537056291969408,
      "ap": 0.13978723264758128,
      "top16_density": 0.3125,
      "top32_density": 0.21875,
      "top64_density": 0.234375,
      "top128_density": 0.171875,
      "top256_density": 0.140625,
      "top512_density": 0.119140625
    }
  },
  "reference": {
    "normal_ref_normal_ratio": 1.0,
    "anom_ref_anom_ratio": 0.12260285335102854,
    "anom_ref_anom_ratio_on_anom_nodes": 0.2029906876790831,
    "rn_err_mean_normal": 0.401772523409058,
    "rn_err_mean_anom": 0.4176236806729724,
    "align_mean_normal": 0.04129406437277794,
    "align_mean_anom": 0.051414020359516144,
    "contrast_mean_normal": -0.7144827246665955,
    "contrast_mean_anom": -0.6548393964767456
  },
  "elapsed_sec": 65.02239322662354
}