{
  "config": {
    "dataset": "photo",
    "seed": 0,
    "train_rate": 0.05,
    "descriptor_mode": "hop_attr_rwse",
    "pn_estimator": "pca_residual",
    "gn_mode": "normal_density",
    "ln_mode": "reconstruction_gain",
    "ga_mode": "normal_rejection",
    "la_mode": "residual_cosine",
    "reference_mode": "dual_reference",
    "normal_k": 4,
    "anom_k": 16,
    "hops": 2,
    "rw_steps": 8,
    "pca_components": 32,
    "out": "/root/gpufree-data/linziyao/VoxG/nexus/investigations/2026-04-27-global-ga-score/experiments/outputs/tokenization_theory_probe/grid/photo__hop_attr_rwse__pca_residual__normal_density__reconstruction_gain__normal_rejection__residual_cosine.json"
  },
  "meta": {
    "dataset": "photo",
    "n": 7535,
    "normal_train": 355,
    "anomaly_rate": 0.09263437292634373,
    "descriptor_dim": 2243
  },
  "scores": {
    "ga": {
      "auc": 0.5790953739407982,
      "ap": 0.12185992478547043,
      "top16_density": 0.0,
      "top32_density": 0.0625,
      "top64_density": 0.03125,
      "top128_density": 0.0703125,
      "top256_density": 0.15625,
      "top512_density": 0.162109375
    },
    "residual_norm": {
      "auc": 0.5790953739407982,
      "ap": 0.12185992478547043,
      "top16_density": 0.0,
      "top32_density": 0.0625,
      "top64_density": 0.03125,
      "top128_density": 0.0703125,
      "top256_density": 0.15625,
      "top512_density": 0.162109375
    },
    "rn_explanation_error": {
      "auc": 0.48608846270063494,
      "ap": 0.08599580799914211,
      "top16_density": 0.0,
      "top32_density": 0.0625,
      "top64_density": 0.046875,
      "top128_density": 0.046875,
      "top256_density": 0.0546875,
      "top512_density": 0.060546875
    },
    "ra_residual_alignment": {
      "auc": 0.7675202306009816,
      "ap": 0.35148203438830183,
      "top16_density": 0.125,
      "top32_density": 0.09375,
      "top64_density": 0.296875,
      "top128_density": 0.5234375,
      "top256_density": 0.63671875,
      "top512_density": 0.544921875
    },
    "contrast_margin": {
      "auc": 0.7504471707752316,
      "ap": 0.33291772808994086,
      "top16_density": 0.125,
      "top32_density": 0.0625,
      "top64_density": 0.265625,
      "top128_density": 0.4921875,
      "top256_density": 0.58984375,
      "top512_density": 0.5390625
    }
  },
  "reference": {
    "normal_ref_normal_ratio": 0.985799601857996,
    "anom_ref_anom_ratio": 0.16494691439946915,
    "anom_ref_anom_ratio_on_anom_nodes": 0.6644878223495702,
    "rn_err_mean_normal": 0.30929913146822213,
    "rn_err_mean_anom": 0.28313060525489986,
    "align_mean_normal": 0.09596452862024307,
    "align_mean_anom": 0.23135484755039215,
    "contrast_mean_normal": -0.6870304942131042,
    "contrast_mean_anom": -0.5137295126914978
  },
  "elapsed_sec": 39.446457624435425
}