{
  "config": {
    "dataset": "photo",
    "seed": 0,
    "train_rate": 0.05,
    "descriptor_mode": "hop_attr",
    "pn_estimator": "pca_residual",
    "gn_mode": "label_gate_density",
    "ln_mode": "descriptor_similarity",
    "ga_mode": "normal_rejection",
    "la_mode": "residual_cosine",
    "reference_mode": "dual_reference",
    "normal_k": 4,
    "anom_k": 16,
    "hops": 2,
    "rw_steps": 8,
    "pca_components": 32,
    "out": "/root/gpufree-data/linziyao/VoxG/nexus/investigations/2026-04-27-global-ga-score/experiments/outputs/tokenization_theory_probe/grid/photo__hop_attr__pca_residual__label_gate_density__descriptor_similarity__normal_rejection__residual_cosine.json"
  },
  "meta": {
    "dataset": "photo",
    "n": 7535,
    "normal_train": 355,
    "anomaly_rate": 0.09263437292634373,
    "descriptor_dim": 2235
  },
  "scores": {
    "ga": {
      "auc": 0.5795060837437288,
      "ap": 0.12250335179783034,
      "top16_density": 0.0,
      "top32_density": 0.03125,
      "top64_density": 0.0625,
      "top128_density": 0.078125,
      "top256_density": 0.16015625,
      "top512_density": 0.166015625
    },
    "residual_norm": {
      "auc": 0.5795060837437287,
      "ap": 0.12250335179783034,
      "top16_density": 0.0,
      "top32_density": 0.03125,
      "top64_density": 0.0625,
      "top128_density": 0.078125,
      "top256_density": 0.16015625,
      "top512_density": 0.166015625
    },
    "rn_explanation_error": {
      "auc": 0.47535154454126854,
      "ap": 0.08187416618953033,
      "top16_density": 0.0,
      "top32_density": 0.03125,
      "top64_density": 0.0625,
      "top128_density": 0.0625,
      "top256_density": 0.046875,
      "top512_density": 0.044921875
    },
    "ra_residual_alignment": {
      "auc": 0.7778715844555559,
      "ap": 0.4042827813236127,
      "top16_density": 0.4375,
      "top32_density": 0.5,
      "top64_density": 0.5625,
      "top128_density": 0.6875,
      "top256_density": 0.71875,
      "top512_density": 0.564453125
    },
    "contrast_margin": {
      "auc": 0.7440000745983112,
      "ap": 0.419753961207891,
      "top16_density": 1.0,
      "top32_density": 0.96875,
      "top64_density": 0.921875,
      "top128_density": 0.7890625,
      "top256_density": 0.7109375,
      "top512_density": 0.509765625
    }
  },
  "reference": {
    "normal_ref_normal_ratio": 1.0,
    "anom_ref_anom_ratio": 0.16084107498341074,
    "anom_ref_anom_ratio_on_anom_nodes": 0.6653832378223495,
    "rn_err_mean_normal": 0.41709925905309825,
    "rn_err_mean_anom": 0.3943816581395631,
    "align_mean_normal": 0.09150363504886627,
    "align_mean_anom": 0.22874131798744202,
    "contrast_mean_normal": -0.6367951035499573,
    "contrast_mean_anom": -0.458754301071167
  },
  "elapsed_sec": 6.859638929367065
}