{
  "config": {
    "dataset": "photo",
    "seed": 0,
    "train_rate": 0.05,
    "descriptor_mode": "rwse",
    "pn_estimator": "diag_gaussian",
    "gn_mode": "label_gate_density",
    "ln_mode": "reconstruction_gain",
    "ga_mode": "normal_soft_or",
    "la_mode": "residual_cosine",
    "reference_mode": "dual_reference",
    "normal_k": 4,
    "anom_k": 16,
    "hops": 2,
    "rw_steps": 8,
    "pca_components": 32,
    "out": "/root/gpufree-data/linziyao/VoxG/nexus/investigations/2026-04-27-global-ga-score/experiments/outputs/tokenization_theory_probe/grid/photo__rwse__diag_gaussian__label_gate_density__reconstruction_gain__normal_soft_or__residual_cosine.json"
  },
  "meta": {
    "dataset": "photo",
    "n": 7535,
    "normal_train": 355,
    "anomaly_rate": 0.09263437292634373,
    "descriptor_dim": 8
  },
  "scores": {
    "ga": {
      "auc": 0.45202783774280597,
      "ap": 0.08008436180108545,
      "top16_density": 0.0,
      "top32_density": 0.03125,
      "top64_density": 0.0625,
      "top128_density": 0.0390625,
      "top256_density": 0.04296875,
      "top512_density": 0.064453125
    },
    "residual_norm": {
      "auc": 0.5167129553378235,
      "ap": 0.09145709153234347,
      "top16_density": 0.0625,
      "top32_density": 0.0625,
      "top64_density": 0.03125,
      "top128_density": 0.03125,
      "top256_density": 0.08203125,
      "top512_density": 0.08984375
    },
    "rn_explanation_error": {
      "auc": 0.5216865253238216,
      "ap": 0.09694954310753781,
      "top16_density": 0.0,
      "top32_density": 0.0625,
      "top64_density": 0.046875,
      "top128_density": 0.0625,
      "top256_density": 0.10546875,
      "top512_density": 0.091796875
    },
    "ra_residual_alignment": {
      "auc": 0.46075521150926213,
      "ap": 0.08457233597028282,
      "top16_density": 0.0625,
      "top32_density": 0.09375,
      "top64_density": 0.0625,
      "top128_density": 0.09375,
      "top256_density": 0.08984375,
      "top512_density": 0.078125
    },
    "contrast_margin": {
      "auc": 0.5898890790167943,
      "ap": 0.12584891022533523,
      "top16_density": 0.0625,
      "top32_density": 0.0625,
      "top64_density": 0.03125,
      "top128_density": 0.0703125,
      "top256_density": 0.1171875,
      "top512_density": 0.181640625
    }
  },
  "reference": {
    "normal_ref_normal_ratio": 1.0,
    "anom_ref_anom_ratio": 0.030101194426011946,
    "anom_ref_anom_ratio_on_anom_nodes": 0.041994985673352435,
    "rn_err_mean_normal": 0.66877488438825,
    "rn_err_mean_anom": 0.4616539854770401,
    "align_mean_normal": 0.9811976552009583,
    "align_mean_anom": 0.9800852537155151,
    "contrast_mean_normal": -0.001955933403223753,
    "contrast_mean_anom": 0.006287185475230217
  },
  "elapsed_sec": 62.459431409835815
}