{
  "config": {
    "dataset": "photo",
    "seed": 0,
    "train_rate": 0.05,
    "descriptor_mode": "hop_attr",
    "pn_estimator": "diag_gaussian",
    "gn_mode": "normal_density",
    "ln_mode": "descriptor_similarity",
    "ga_mode": "residual_norm",
    "la_mode": "descriptor_similarity",
    "reference_mode": "dual_reference",
    "normal_k": 4,
    "anom_k": 16,
    "hops": 2,
    "rw_steps": 8,
    "pca_components": 32,
    "out": "/root/gpufree-data/linziyao/VoxG/nexus/investigations/2026-04-27-global-ga-score/experiments/outputs/tokenization_theory_probe/grid/photo__hop_attr__diag_gaussian__normal_density__descriptor_similarity__residual_norm__descriptor_similarity.json"
  },
  "meta": {
    "dataset": "photo",
    "n": 7535,
    "normal_train": 355,
    "anomaly_rate": 0.09263437292634373,
    "descriptor_dim": 2235
  },
  "scores": {
    "ga": {
      "auc": 0.4472323817019563,
      "ap": 0.07879747011047449,
      "top16_density": 0.1875,
      "top32_density": 0.15625,
      "top64_density": 0.09375,
      "top128_density": 0.0625,
      "top256_density": 0.03515625,
      "top512_density": 0.029296875
    },
    "residual_norm": {
      "auc": 0.44723238170195634,
      "ap": 0.07879747011047447,
      "top16_density": 0.1875,
      "top32_density": 0.15625,
      "top64_density": 0.09375,
      "top128_density": 0.0625,
      "top256_density": 0.03515625,
      "top512_density": 0.029296875
    },
    "rn_explanation_error": {
      "auc": 0.4364541830164791,
      "ap": 0.07631614207959303,
      "top16_density": 0.125,
      "top32_density": 0.0625,
      "top64_density": 0.09375,
      "top128_density": 0.0546875,
      "top256_density": 0.03515625,
      "top512_density": 0.029296875
    },
    "ra_residual_alignment": {
      "auc": 0.3699711623045514,
      "ap": 0.06747248300516472,
      "top16_density": 0.0,
      "top32_density": 0.0,
      "top64_density": 0.0,
      "top128_density": 0.046875,
      "top256_density": 0.03515625,
      "top512_density": 0.025390625
    },
    "contrast_margin": {
      "auc": 0.36788188572796005,
      "ap": 0.06700663469053271,
      "top16_density": 0.0,
      "top32_density": 0.0,
      "top64_density": 0.0,
      "top128_density": 0.0,
      "top256_density": 0.0078125,
      "top512_density": 0.01953125
    }
  },
  "reference": {
    "normal_ref_normal_ratio": 0.8280690112806901,
    "anom_ref_anom_ratio": 0.13472959522229594,
    "anom_ref_anom_ratio_on_anom_nodes": 0.16583094555873926,
    "rn_err_mean_normal": 0.6868296041527848,
    "rn_err_mean_anom": 0.5019090795020232,
    "align_mean_normal": -0.08187801390886307,
    "align_mean_anom": -0.3497135043144226,
    "contrast_mean_normal": -0.7862222790718079,
    "contrast_mean_anom": -1.027986764907837
  },
  "elapsed_sec": 10.448029279708862
}