{
  "config": {
    "dataset": "photo",
    "seed": 0,
    "train_rate": 0.05,
    "descriptor_mode": "hop_attr",
    "pn_estimator": "pca_residual",
    "gn_mode": "normal_density",
    "ln_mode": "descriptor_similarity",
    "ga_mode": "normal_soft_or",
    "la_mode": "residual_cosine",
    "reference_mode": "dual_reference",
    "normal_k": 4,
    "anom_k": 16,
    "hops": 2,
    "rw_steps": 8,
    "pca_components": 32,
    "out": "/root/gpufree-data/linziyao/VoxG/nexus/investigations/2026-04-27-global-ga-score/experiments/outputs/tokenization_theory_probe/grid/photo__hop_attr__pca_residual__normal_density__descriptor_similarity__normal_soft_or__residual_cosine.json"
  },
  "meta": {
    "dataset": "photo",
    "n": 7535,
    "normal_train": 355,
    "anomaly_rate": 0.09263437292634373,
    "descriptor_dim": 2235
  },
  "scores": {
    "ga": {
      "auc": 0.45202783774280597,
      "ap": 0.08008436180108545,
      "top16_density": 0.0,
      "top32_density": 0.03125,
      "top64_density": 0.0625,
      "top128_density": 0.0390625,
      "top256_density": 0.04296875,
      "top512_density": 0.064453125
    },
    "residual_norm": {
      "auc": 0.5795060837437287,
      "ap": 0.12250335179783034,
      "top16_density": 0.0,
      "top32_density": 0.03125,
      "top64_density": 0.0625,
      "top128_density": 0.078125,
      "top256_density": 0.16015625,
      "top512_density": 0.166015625
    },
    "rn_explanation_error": {
      "auc": 0.485892118269336,
      "ap": 0.08625220137194474,
      "top16_density": 0.0625,
      "top32_density": 0.09375,
      "top64_density": 0.09375,
      "top128_density": 0.0546875,
      "top256_density": 0.0625,
      "top512_density": 0.06640625
    },
    "ra_residual_alignment": {
      "auc": 0.6931961101590746,
      "ap": 0.2685301729766588,
      "top16_density": 1.0,
      "top32_density": 0.75,
      "top64_density": 0.546875,
      "top128_density": 0.40625,
      "top256_density": 0.41015625,
      "top512_density": 0.3984375
    },
    "contrast_margin": {
      "auc": 0.7190795238951382,
      "ap": 0.29923441361273023,
      "top16_density": 0.875,
      "top32_density": 0.71875,
      "top64_density": 0.578125,
      "top128_density": 0.5,
      "top256_density": 0.47265625,
      "top512_density": 0.419921875
    }
  },
  "reference": {
    "normal_ref_normal_ratio": 0.9909754479097544,
    "anom_ref_anom_ratio": 0.10703384207033842,
    "anom_ref_anom_ratio_on_anom_nodes": 0.6808739255014327,
    "rn_err_mean_normal": 0.34941648523466723,
    "rn_err_mean_anom": 0.34033601806064223,
    "align_mean_normal": 0.14885739982128143,
    "align_mean_anom": 0.24972064793109894,
    "contrast_mean_normal": -0.6211456060409546,
    "contrast_mean_anom": -0.47821754217147827
  },
  "elapsed_sec": 39.885820388793945
}