{
  "config": {
    "dataset": "photo",
    "seed": 0,
    "train_rate": 0.05,
    "descriptor_mode": "hop_attr",
    "pn_estimator": "diag_gaussian",
    "gn_mode": "normal_density",
    "ln_mode": "reconstruction_gain",
    "ga_mode": "normal_rejection",
    "la_mode": "residual_cosine",
    "reference_mode": "dual_reference",
    "normal_k": 4,
    "anom_k": 16,
    "hops": 2,
    "rw_steps": 8,
    "pca_components": 32,
    "out": "/root/gpufree-data/linziyao/VoxG/nexus/investigations/2026-04-27-global-ga-score/experiments/outputs/tokenization_theory_probe/grid/photo__hop_attr__diag_gaussian__normal_density__reconstruction_gain__normal_rejection__residual_cosine.json"
  },
  "meta": {
    "dataset": "photo",
    "n": 7535,
    "normal_train": 355,
    "anomaly_rate": 0.09263437292634373,
    "descriptor_dim": 2235
  },
  "scores": {
    "ga": {
      "auc": 0.4472323817019563,
      "ap": 0.07879747011047449,
      "top16_density": 0.1875,
      "top32_density": 0.15625,
      "top64_density": 0.09375,
      "top128_density": 0.0625,
      "top256_density": 0.03515625,
      "top512_density": 0.029296875
    },
    "residual_norm": {
      "auc": 0.44723238170195634,
      "ap": 0.07879747011047447,
      "top16_density": 0.1875,
      "top32_density": 0.15625,
      "top64_density": 0.09375,
      "top128_density": 0.0625,
      "top256_density": 0.03515625,
      "top512_density": 0.029296875
    },
    "rn_explanation_error": {
      "auc": 0.4038188887114734,
      "ap": 0.07242537141059634,
      "top16_density": 0.125,
      "top32_density": 0.09375,
      "top64_density": 0.0625,
      "top128_density": 0.0546875,
      "top256_density": 0.03515625,
      "top512_density": 0.02734375
    },
    "ra_residual_alignment": {
      "auc": 0.4746445369519381,
      "ap": 0.08273365534172501,
      "top16_density": 0.0,
      "top32_density": 0.0,
      "top64_density": 0.0,
      "top128_density": 0.0390625,
      "top256_density": 0.03515625,
      "top512_density": 0.02734375
    },
    "contrast_margin": {
      "auc": 0.5020937818116745,
      "ap": 0.09410428440761182,
      "top16_density": 0.0,
      "top32_density": 0.0625,
      "top64_density": 0.0625,
      "top128_density": 0.0625,
      "top256_density": 0.08984375,
      "top512_density": 0.10546875
    }
  },
  "reference": {
    "normal_ref_normal_ratio": 0.8359986728599867,
    "anom_ref_anom_ratio": 0.023822163238221634,
    "anom_ref_anom_ratio_on_anom_nodes": 0.1506984240687679,
    "rn_err_mean_normal": 0.48291670911467827,
    "rn_err_mean_anom": 0.25539187517248085,
    "align_mean_normal": 0.6262982487678528,
    "align_mean_anom": 0.6078702211380005,
    "contrast_mean_normal": -0.1144464761018753,
    "contrast_mean_anom": -0.11422619968652725
  },
  "elapsed_sec": 10.494361162185669
}