{
  "config": {
    "dataset": "photo",
    "seed": 0,
    "train_rate": 0.05,
    "descriptor_mode": "hop_attr",
    "pn_estimator": "pca_residual",
    "gn_mode": "label_gate",
    "ln_mode": "descriptor_similarity",
    "ga_mode": "normal_rejection",
    "la_mode": "descriptor_similarity",
    "reference_mode": "dual_reference",
    "normal_k": 4,
    "anom_k": 16,
    "hops": 2,
    "rw_steps": 8,
    "pca_components": 32,
    "out": "/root/gpufree-data/linziyao/VoxG/nexus/investigations/2026-04-27-global-ga-score/experiments/outputs/tokenization_theory_probe/grid/photo__hop_attr__pca_residual__label_gate__descriptor_similarity__normal_rejection__descriptor_similarity.json"
  },
  "meta": {
    "dataset": "photo",
    "n": 7535,
    "normal_train": 355,
    "anomaly_rate": 0.09263437292634373,
    "descriptor_dim": 2235
  },
  "scores": {
    "ga": {
      "auc": 0.5795060837437288,
      "ap": 0.12250335179783034,
      "top16_density": 0.0,
      "top32_density": 0.03125,
      "top64_density": 0.0625,
      "top128_density": 0.078125,
      "top256_density": 0.16015625,
      "top512_density": 0.166015625
    },
    "residual_norm": {
      "auc": 0.5795060837437287,
      "ap": 0.12250335179783034,
      "top16_density": 0.0,
      "top32_density": 0.03125,
      "top64_density": 0.0625,
      "top128_density": 0.078125,
      "top256_density": 0.16015625,
      "top512_density": 0.166015625
    },
    "rn_explanation_error": {
      "auc": 0.5411304913053154,
      "ap": 0.10135342813710554,
      "top16_density": 0.0,
      "top32_density": 0.0,
      "top64_density": 0.03125,
      "top128_density": 0.0546875,
      "top256_density": 0.07421875,
      "top512_density": 0.109375
    },
    "ra_residual_alignment": {
      "auc": 0.7188967999419977,
      "ap": 0.35704079027348823,
      "top16_density": 0.125,
      "top32_density": 0.375,
      "top64_density": 0.515625,
      "top128_density": 0.640625,
      "top256_density": 0.62109375,
      "top512_density": 0.58203125
    },
    "contrast_margin": {
      "auc": 0.7225668901682358,
      "ap": 0.32099002179880676,
      "top16_density": 0.875,
      "top32_density": 0.78125,
      "top64_density": 0.671875,
      "top128_density": 0.640625,
      "top256_density": 0.55078125,
      "top512_density": 0.412109375
    }
  },
  "reference": {
    "normal_ref_normal_ratio": 1.0,
    "anom_ref_anom_ratio": 0.13053251493032514,
    "anom_ref_anom_ratio_on_anom_nodes": 0.372134670487106,
    "rn_err_mean_normal": 0.38529873977166157,
    "rn_err_mean_anom": 0.4080574989006487,
    "align_mean_normal": 0.030762702226638794,
    "align_mean_anom": 0.12157896906137466,
    "contrast_mean_normal": -0.7250280380249023,
    "contrast_mean_anom": -0.5846831202507019
  },
  "elapsed_sec": 6.825331211090088
}