{
  "config": {
    "dataset": "photo",
    "seed": 0,
    "train_rate": 0.05,
    "descriptor_mode": "hop_attr",
    "pn_estimator": "pca_residual",
    "gn_mode": "label_gate_density",
    "ln_mode": "descriptor_similarity",
    "ga_mode": "normal_soft_or",
    "la_mode": "descriptor_similarity",
    "reference_mode": "dual_reference",
    "normal_k": 4,
    "anom_k": 16,
    "hops": 2,
    "rw_steps": 8,
    "pca_components": 32,
    "out": "/root/gpufree-data/linziyao/VoxG/nexus/investigations/2026-04-27-global-ga-score/experiments/outputs/tokenization_theory_probe/grid/photo__hop_attr__pca_residual__label_gate_density__descriptor_similarity__normal_soft_or__descriptor_similarity.json"
  },
  "meta": {
    "dataset": "photo",
    "n": 7535,
    "normal_train": 355,
    "anomaly_rate": 0.09263437292634373,
    "descriptor_dim": 2235
  },
  "scores": {
    "ga": {
      "auc": 0.45202783774280597,
      "ap": 0.08008436180108545,
      "top16_density": 0.0,
      "top32_density": 0.03125,
      "top64_density": 0.0625,
      "top128_density": 0.0390625,
      "top256_density": 0.04296875,
      "top512_density": 0.064453125
    },
    "residual_norm": {
      "auc": 0.5795060837437287,
      "ap": 0.12250335179783034,
      "top16_density": 0.0,
      "top32_density": 0.03125,
      "top64_density": 0.0625,
      "top128_density": 0.078125,
      "top256_density": 0.16015625,
      "top512_density": 0.166015625
    },
    "rn_explanation_error": {
      "auc": 0.47535154454126854,
      "ap": 0.08187416618953033,
      "top16_density": 0.0,
      "top32_density": 0.03125,
      "top64_density": 0.0625,
      "top128_density": 0.0625,
      "top256_density": 0.046875,
      "top512_density": 0.044921875
    },
    "ra_residual_alignment": {
      "auc": 0.5754042243598689,
      "ap": 0.11056579223192917,
      "top16_density": 0.375,
      "top32_density": 0.21875,
      "top64_density": 0.15625,
      "top128_density": 0.15625,
      "top256_density": 0.10546875,
      "top512_density": 0.07421875
    },
    "contrast_margin": {
      "auc": 0.6282868833118967,
      "ap": 0.1290566682972547,
      "top16_density": 0.1875,
      "top32_density": 0.21875,
      "top64_density": 0.234375,
      "top128_density": 0.15625,
      "top256_density": 0.12890625,
      "top512_density": 0.12109375
    }
  },
  "reference": {
    "normal_ref_normal_ratio": 1.0,
    "anom_ref_anom_ratio": 0.12261114797611147,
    "anom_ref_anom_ratio_on_anom_nodes": 0.2029906876790831,
    "rn_err_mean_normal": 0.41709925905309825,
    "rn_err_mean_anom": 0.3943816581395631,
    "align_mean_normal": 0.04141097515821457,
    "align_mean_anom": 0.05190752446651459,
    "contrast_mean_normal": -0.6868877410888672,
    "contrast_mean_anom": -0.6355880498886108
  },
  "elapsed_sec": 36.04176568984985
}