{
  "config": {
    "dataset": "photo",
    "seed": 0,
    "train_rate": 0.05,
    "descriptor_mode": "hop_attr_rwse",
    "pn_estimator": "diag_gaussian",
    "gn_mode": "label_gate_density",
    "ln_mode": "reconstruction_gain",
    "ga_mode": "normal_soft_or",
    "la_mode": "residual_cosine",
    "reference_mode": "dual_reference",
    "normal_k": 4,
    "anom_k": 16,
    "hops": 2,
    "rw_steps": 8,
    "pca_components": 32,
    "out": "/root/gpufree-data/linziyao/VoxG/nexus/investigations/2026-04-27-global-ga-score/experiments/outputs/tokenization_theory_probe/grid/photo__hop_attr_rwse__diag_gaussian__label_gate_density__reconstruction_gain__normal_soft_or__residual_cosine.json"
  },
  "meta": {
    "dataset": "photo",
    "n": 7535,
    "normal_train": 355,
    "anomaly_rate": 0.09263437292634373,
    "descriptor_dim": 2243
  },
  "scores": {
    "ga": {
      "auc": 0.45202783774280597,
      "ap": 0.08008436180108545,
      "top16_density": 0.0,
      "top32_density": 0.03125,
      "top64_density": 0.0625,
      "top128_density": 0.0390625,
      "top256_density": 0.04296875,
      "top512_density": 0.064453125
    },
    "residual_norm": {
      "auc": 0.4472001116460117,
      "ap": 0.07869263379617508,
      "top16_density": 0.125,
      "top32_density": 0.15625,
      "top64_density": 0.09375,
      "top128_density": 0.0703125,
      "top256_density": 0.04296875,
      "top512_density": 0.029296875
    },
    "rn_explanation_error": {
      "auc": 0.4746543856053758,
      "ap": 0.08167200921024756,
      "top16_density": 0.125,
      "top32_density": 0.15625,
      "top64_density": 0.078125,
      "top128_density": 0.0625,
      "top256_density": 0.0390625,
      "top512_density": 0.029296875
    },
    "ra_residual_alignment": {
      "auc": 0.4875170413136344,
      "ap": 0.08543932349633025,
      "top16_density": 0.0,
      "top32_density": 0.0,
      "top64_density": 0.0,
      "top128_density": 0.0390625,
      "top256_density": 0.03515625,
      "top512_density": 0.033203125
    },
    "contrast_margin": {
      "auc": 0.5329221625296036,
      "ap": 0.10268403685455739,
      "top16_density": 0.0,
      "top32_density": 0.09375,
      "top64_density": 0.109375,
      "top128_density": 0.0859375,
      "top256_density": 0.08203125,
      "top512_density": 0.107421875
    }
  },
  "reference": {
    "normal_ref_normal_ratio": 1.0,
    "anom_ref_anom_ratio": 0.05745686794956868,
    "anom_ref_anom_ratio_on_anom_nodes": 0.37043338108882523,
    "rn_err_mean_normal": 0.8354881157625416,
    "rn_err_mean_anom": 0.6975455469948372,
    "align_mean_normal": 0.6564599871635437,
    "align_mean_anom": 0.646822452545166,
    "contrast_mean_normal": -0.003141549415886402,
    "contrast_mean_anom": 0.019454974681138992
  },
  "elapsed_sec": 64.56689214706421
}