{
  "config": {
    "dataset": "photo",
    "seed": 0,
    "train_rate": 0.05,
    "descriptor_mode": "hop_attr_rwse",
    "pn_estimator": "diag_gaussian",
    "gn_mode": "normal_density",
    "ln_mode": "reconstruction_gain",
    "ga_mode": "normal_rejection",
    "la_mode": "residual_cosine",
    "reference_mode": "dual_reference",
    "normal_k": 4,
    "anom_k": 16,
    "hops": 2,
    "rw_steps": 8,
    "pca_components": 32,
    "out": "/root/gpufree-data/linziyao/VoxG/nexus/investigations/2026-04-27-global-ga-score/experiments/outputs/tokenization_theory_probe/grid/photo__hop_attr_rwse__diag_gaussian__normal_density__reconstruction_gain__normal_rejection__residual_cosine.json"
  },
  "meta": {
    "dataset": "photo",
    "n": 7535,
    "normal_train": 355,
    "anomaly_rate": 0.09263437292634373,
    "descriptor_dim": 2243
  },
  "scores": {
    "ga": {
      "auc": 0.44720011164601176,
      "ap": 0.07869263379617508,
      "top16_density": 0.125,
      "top32_density": 0.15625,
      "top64_density": 0.09375,
      "top128_density": 0.0703125,
      "top256_density": 0.04296875,
      "top512_density": 0.029296875
    },
    "residual_norm": {
      "auc": 0.4472001116460117,
      "ap": 0.07869263379617508,
      "top16_density": 0.125,
      "top32_density": 0.15625,
      "top64_density": 0.09375,
      "top128_density": 0.0703125,
      "top256_density": 0.04296875,
      "top512_density": 0.029296875
    },
    "rn_explanation_error": {
      "auc": 0.40816151624001046,
      "ap": 0.07303793816425562,
      "top16_density": 0.125,
      "top32_density": 0.0625,
      "top64_density": 0.078125,
      "top128_density": 0.0703125,
      "top256_density": 0.04296875,
      "top512_density": 0.02734375
    },
    "ra_residual_alignment": {
      "auc": 0.47440345448853427,
      "ap": 0.08280028376307737,
      "top16_density": 0.0,
      "top32_density": 0.0,
      "top64_density": 0.0,
      "top128_density": 0.0390625,
      "top256_density": 0.03515625,
      "top512_density": 0.02734375
    },
    "contrast_margin": {
      "auc": 0.5019433279144785,
      "ap": 0.0945732171845888,
      "top16_density": 0.0625,
      "top32_density": 0.0625,
      "top64_density": 0.0625,
      "top128_density": 0.0859375,
      "top256_density": 0.1015625,
      "top512_density": 0.10546875
    }
  },
  "reference": {
    "normal_ref_normal_ratio": 0.8360650298606503,
    "anom_ref_anom_ratio": 0.026053417385534173,
    "anom_ref_anom_ratio_on_anom_nodes": 0.15616045845272206,
    "rn_err_mean_normal": 0.49844079434310995,
    "rn_err_mean_anom": 0.2689806283446797,
    "align_mean_normal": 0.6271504759788513,
    "align_mean_anom": 0.6079745292663574,
    "contrast_mean_normal": -0.11373106390237808,
    "contrast_mean_anom": -0.1136741116642952
  },
  "elapsed_sec": 39.14924693107605
}