{
  "config": {
    "dataset": "photo",
    "seed": 0,
    "train_rate": 0.05,
    "descriptor_mode": "hop_attr",
    "pn_estimator": "pca_residual",
    "gn_mode": "label_gate",
    "ln_mode": "reconstruction_gain",
    "ga_mode": "normal_rejection",
    "la_mode": "residual_cosine",
    "reference_mode": "dual_reference",
    "normal_k": 4,
    "anom_k": 16,
    "hops": 2,
    "rw_steps": 8,
    "pca_components": 32,
    "out": "/root/gpufree-data/linziyao/VoxG/nexus/investigations/2026-04-27-global-ga-score/experiments/outputs/tokenization_theory_probe/grid/photo__hop_attr__pca_residual__label_gate__reconstruction_gain__normal_rejection__residual_cosine.json"
  },
  "meta": {
    "dataset": "photo",
    "n": 7535,
    "normal_train": 355,
    "anomaly_rate": 0.09263437292634373,
    "descriptor_dim": 2235
  },
  "scores": {
    "ga": {
      "auc": 0.5795060837437288,
      "ap": 0.12250335179783034,
      "top16_density": 0.0,
      "top32_density": 0.03125,
      "top64_density": 0.0625,
      "top128_density": 0.078125,
      "top256_density": 0.16015625,
      "top512_density": 0.166015625
    },
    "residual_norm": {
      "auc": 0.5795060837437287,
      "ap": 0.12250335179783034,
      "top16_density": 0.0,
      "top32_density": 0.03125,
      "top64_density": 0.0625,
      "top128_density": 0.078125,
      "top256_density": 0.16015625,
      "top512_density": 0.166015625
    },
    "rn_explanation_error": {
      "auc": 0.5411304913053154,
      "ap": 0.10135342813710554,
      "top16_density": 0.0,
      "top32_density": 0.0,
      "top64_density": 0.03125,
      "top128_density": 0.0546875,
      "top256_density": 0.07421875,
      "top512_density": 0.109375
    },
    "ra_residual_alignment": {
      "auc": 0.7778715844555559,
      "ap": 0.4042827813236127,
      "top16_density": 0.4375,
      "top32_density": 0.5,
      "top64_density": 0.5625,
      "top128_density": 0.6875,
      "top256_density": 0.71875,
      "top512_density": 0.564453125
    },
    "contrast_margin": {
      "auc": 0.7608157073868671,
      "ap": 0.444944269777812,
      "top16_density": 1.0,
      "top32_density": 0.96875,
      "top64_density": 0.953125,
      "top128_density": 0.84375,
      "top256_density": 0.7421875,
      "top512_density": 0.541015625
    }
  },
  "reference": {
    "normal_ref_normal_ratio": 1.0,
    "anom_ref_anom_ratio": 0.16084107498341074,
    "anom_ref_anom_ratio_on_anom_nodes": 0.6653832378223495,
    "rn_err_mean_normal": 0.38529873977166157,
    "rn_err_mean_anom": 0.4080574989006487,
    "align_mean_normal": 0.09150363504886627,
    "align_mean_anom": 0.22874131798744202,
    "contrast_mean_normal": -0.6642870903015137,
    "contrast_mean_anom": -0.47752079367637634
  },
  "elapsed_sec": 6.851803779602051
}