{
  "config": {
    "dataset": "photo",
    "seed": 0,
    "train_rate": 0.05,
    "descriptor_mode": "rwse",
    "pn_estimator": "diag_gaussian",
    "gn_mode": "normal_density",
    "ln_mode": "reconstruction_gain",
    "ga_mode": "residual_norm",
    "la_mode": "descriptor_similarity",
    "reference_mode": "dual_reference",
    "normal_k": 4,
    "anom_k": 16,
    "hops": 2,
    "rw_steps": 8,
    "pca_components": 32,
    "out": "/root/gpufree-data/linziyao/VoxG/nexus/investigations/2026-04-27-global-ga-score/experiments/outputs/tokenization_theory_probe/grid/photo__rwse__diag_gaussian__normal_density__reconstruction_gain__residual_norm__descriptor_similarity.json"
  },
  "meta": {
    "dataset": "photo",
    "n": 7535,
    "normal_train": 355,
    "anomaly_rate": 0.09263437292634373,
    "descriptor_dim": 8
  },
  "scores": {
    "ga": {
      "auc": 0.5167114885170987,
      "ap": 0.09150127828031761,
      "top16_density": 0.0625,
      "top32_density": 0.0625,
      "top64_density": 0.03125,
      "top128_density": 0.03125,
      "top256_density": 0.08203125,
      "top512_density": 0.08984375
    },
    "residual_norm": {
      "auc": 0.5167129553378235,
      "ap": 0.09145709153234347,
      "top16_density": 0.0625,
      "top32_density": 0.0625,
      "top64_density": 0.03125,
      "top128_density": 0.03125,
      "top256_density": 0.08203125,
      "top512_density": 0.08984375
    },
    "rn_explanation_error": {
      "auc": 0.4769436736650779,
      "ap": 0.08423730615864206,
      "top16_density": 0.0,
      "top32_density": 0.0625,
      "top64_density": 0.03125,
      "top128_density": 0.015625,
      "top256_density": 0.04296875,
      "top512_density": 0.05859375
    },
    "ra_residual_alignment": {
      "auc": 0.4998558324773387,
      "ap": 0.08810014707228775,
      "top16_density": 0.0625,
      "top32_density": 0.0625,
      "top64_density": 0.03125,
      "top128_density": 0.046875,
      "top256_density": 0.08984375,
      "top512_density": 0.076171875
    },
    "contrast_margin": {
      "auc": 0.5035404861379156,
      "ap": 0.09105024362973542,
      "top16_density": 0.0,
      "top32_density": 0.0625,
      "top64_density": 0.0625,
      "top128_density": 0.125,
      "top256_density": 0.12109375,
      "top512_density": 0.0859375
    }
  },
  "reference": {
    "normal_ref_normal_ratio": 1.0,
    "anom_ref_anom_ratio": 0.015179163901791639,
    "anom_ref_anom_ratio_on_anom_nodes": 0.03527936962750716,
    "rn_err_mean_normal": 0.9983902574093291,
    "rn_err_mean_anom": 0.6061175160511159,
    "align_mean_normal": -0.1641722470521927,
    "align_mean_anom": -0.20991647243499756,
    "contrast_mean_normal": -1.1502618789672852,
    "contrast_mean_anom": -1.187514305114746
  },
  "elapsed_sec": 37.0035355091095
}