{
  "config": {
    "dataset": "photo",
    "seed": 0,
    "train_rate": 0.05,
    "descriptor_mode": "hop_attr",
    "pn_estimator": "diag_gaussian",
    "gn_mode": "label_gate_density",
    "ln_mode": "reconstruction_gain",
    "ga_mode": "normal_rejection",
    "la_mode": "descriptor_similarity",
    "reference_mode": "dual_reference",
    "normal_k": 4,
    "anom_k": 16,
    "hops": 2,
    "rw_steps": 8,
    "pca_components": 32,
    "out": "/root/gpufree-data/linziyao/VoxG/nexus/investigations/2026-04-27-global-ga-score/experiments/outputs/tokenization_theory_probe/grid/photo__hop_attr__diag_gaussian__label_gate_density__reconstruction_gain__normal_rejection__descriptor_similarity.json"
  },
  "meta": {
    "dataset": "photo",
    "n": 7535,
    "normal_train": 355,
    "anomaly_rate": 0.09263437292634373,
    "descriptor_dim": 2235
  },
  "scores": {
    "ga": {
      "auc": 0.4472323817019563,
      "ap": 0.07879747011047449,
      "top16_density": 0.1875,
      "top32_density": 0.15625,
      "top64_density": 0.09375,
      "top128_density": 0.0625,
      "top256_density": 0.03515625,
      "top512_density": 0.029296875
    },
    "residual_norm": {
      "auc": 0.44723238170195634,
      "ap": 0.07879747011047447,
      "top16_density": 0.1875,
      "top32_density": 0.15625,
      "top64_density": 0.09375,
      "top128_density": 0.0625,
      "top256_density": 0.03515625,
      "top512_density": 0.029296875
    },
    "rn_explanation_error": {
      "auc": 0.47403475862207695,
      "ap": 0.08143700931403665,
      "top16_density": 0.125,
      "top32_density": 0.15625,
      "top64_density": 0.09375,
      "top128_density": 0.0625,
      "top256_density": 0.03125,
      "top512_density": 0.029296875
    },
    "ra_residual_alignment": {
      "auc": 0.3699711623045514,
      "ap": 0.06747248300516472,
      "top16_density": 0.0,
      "top32_density": 0.0,
      "top64_density": 0.0,
      "top128_density": 0.046875,
      "top256_density": 0.03515625,
      "top512_density": 0.025390625
    },
    "contrast_margin": {
      "auc": 0.3655460784967015,
      "ap": 0.06684779727988899,
      "top16_density": 0.0,
      "top32_density": 0.0,
      "top64_density": 0.0,
      "top128_density": 0.0,
      "top256_density": 0.01171875,
      "top512_density": 0.025390625
    }
  },
  "reference": {
    "normal_ref_normal_ratio": 1.0,
    "anom_ref_anom_ratio": 0.13472959522229594,
    "anom_ref_anom_ratio_on_anom_nodes": 0.16583094555873926,
    "rn_err_mean_normal": 0.8201657841295907,
    "rn_err_mean_anom": 0.688433692800461,
    "align_mean_normal": -0.08187801390886307,
    "align_mean_anom": -0.3497135043144226,
    "contrast_mean_normal": -0.7415165901184082,
    "contrast_mean_anom": -0.977174699306488
  },
  "elapsed_sec": 6.611331939697266
}