{
  "config": {
    "dataset": "photo",
    "seed": 0,
    "train_rate": 0.05,
    "descriptor_mode": "hop_attr",
    "pn_estimator": "diag_gaussian",
    "gn_mode": "label_gate",
    "ln_mode": "reconstruction_gain",
    "ga_mode": "normal_soft_or",
    "la_mode": "descriptor_similarity",
    "reference_mode": "dual_reference",
    "normal_k": 4,
    "anom_k": 16,
    "hops": 2,
    "rw_steps": 8,
    "pca_components": 32,
    "out": "/root/gpufree-data/linziyao/VoxG/nexus/investigations/2026-04-27-global-ga-score/experiments/outputs/tokenization_theory_probe/grid/photo__hop_attr__diag_gaussian__label_gate__reconstruction_gain__normal_soft_or__descriptor_similarity.json"
  },
  "meta": {
    "dataset": "photo",
    "n": 7535,
    "normal_train": 355,
    "anomaly_rate": 0.09263437292634373,
    "descriptor_dim": 2235
  },
  "scores": {
    "ga": {
      "auc": 0.45202783774280597,
      "ap": 0.08008436180108545,
      "top16_density": 0.0,
      "top32_density": 0.03125,
      "top64_density": 0.0625,
      "top128_density": 0.0390625,
      "top256_density": 0.04296875,
      "top512_density": 0.064453125
    },
    "residual_norm": {
      "auc": 0.44723238170195634,
      "ap": 0.07879747011047447,
      "top16_density": 0.1875,
      "top32_density": 0.15625,
      "top64_density": 0.09375,
      "top128_density": 0.0625,
      "top256_density": 0.03515625,
      "top512_density": 0.029296875
    },
    "rn_explanation_error": {
      "auc": 0.5411304913053154,
      "ap": 0.10135342813710554,
      "top16_density": 0.0,
      "top32_density": 0.0,
      "top64_density": 0.03125,
      "top128_density": 0.0546875,
      "top256_density": 0.07421875,
      "top512_density": 0.109375
    },
    "ra_residual_alignment": {
      "auc": 0.3716871330066933,
      "ap": 0.06769314910799643,
      "top16_density": 0.0,
      "top32_density": 0.0,
      "top64_density": 0.0,
      "top128_density": 0.046875,
      "top256_density": 0.03125,
      "top512_density": 0.025390625
    },
    "contrast_margin": {
      "auc": 0.3751165598611633,
      "ap": 0.07114778154460988,
      "top16_density": 0.0,
      "top32_density": 0.125,
      "top64_density": 0.1875,
      "top128_density": 0.125,
      "top256_density": 0.0625,
      "top512_density": 0.0390625
    }
  },
  "reference": {
    "normal_ref_normal_ratio": 1.0,
    "anom_ref_anom_ratio": 0.12261114797611147,
    "anom_ref_anom_ratio_on_anom_nodes": 0.2029906876790831,
    "rn_err_mean_normal": 0.38529873977166157,
    "rn_err_mean_anom": 0.4080574989006487,
    "align_mean_normal": 0.0010565920965746045,
    "align_mean_anom": -0.2503276467323303,
    "contrast_mean_normal": -0.7547340989112854,
    "contrast_mean_anom": -0.9565897583961487
  },
  "elapsed_sec": 35.90012240409851
}