{
  "config": {
    "dataset": "photo",
    "seed": 0,
    "train_rate": 0.05,
    "descriptor_mode": "rwse",
    "pn_estimator": "pca_residual",
    "gn_mode": "label_gate_density",
    "ln_mode": "reconstruction_gain",
    "ga_mode": "normal_soft_or",
    "la_mode": "descriptor_similarity",
    "reference_mode": "dual_reference",
    "normal_k": 4,
    "anom_k": 16,
    "hops": 2,
    "rw_steps": 8,
    "pca_components": 32,
    "out": "/root/gpufree-data/linziyao/VoxG/nexus/investigations/2026-04-27-global-ga-score/experiments/outputs/tokenization_theory_probe/grid/photo__rwse__pca_residual__label_gate_density__reconstruction_gain__normal_soft_or__descriptor_similarity.json"
  },
  "meta": {
    "dataset": "photo",
    "n": 7535,
    "normal_train": 355,
    "anomaly_rate": 0.09263437292634373,
    "descriptor_dim": 8
  },
  "scores": {
    "ga": {
      "auc": 0.45202783774280597,
      "ap": 0.08008436180108545,
      "top16_density": 0.0,
      "top32_density": 0.03125,
      "top64_density": 0.0625,
      "top128_density": 0.0390625,
      "top256_density": 0.04296875,
      "top512_density": 0.064453125
    },
    "residual_norm": {
      "auc": 0.4949409353203306,
      "ap": 0.08649918383134018,
      "top16_density": 0.0625,
      "top32_density": 0.0625,
      "top64_density": 0.03125,
      "top128_density": 0.03125,
      "top256_density": 0.04296875,
      "top512_density": 0.0625
    },
    "rn_explanation_error": {
      "auc": 0.4421410469663423,
      "ap": 0.07771886081979926,
      "top16_density": 0.0625,
      "top32_density": 0.0625,
      "top64_density": 0.03125,
      "top128_density": 0.015625,
      "top256_density": 0.04296875,
      "top512_density": 0.052734375
    },
    "ra_residual_alignment": {
      "auc": 0.4650892476592684,
      "ap": 0.08373702657754842,
      "top16_density": 0.0625,
      "top32_density": 0.0625,
      "top64_density": 0.03125,
      "top128_density": 0.0390625,
      "top256_density": 0.04296875,
      "top512_density": 0.076171875
    },
    "contrast_margin": {
      "auc": 0.4697334116196509,
      "ap": 0.08603553135572496,
      "top16_density": 0.0,
      "top32_density": 0.0625,
      "top64_density": 0.03125,
      "top128_density": 0.109375,
      "top256_density": 0.07421875,
      "top512_density": 0.087890625
    }
  },
  "reference": {
    "normal_ref_normal_ratio": 1.0,
    "anom_ref_anom_ratio": 0.040444591904445916,
    "anom_ref_anom_ratio_on_anom_nodes": 0.05784383954154728,
    "rn_err_mean_normal": 0.6507568404349908,
    "rn_err_mean_anom": 0.4448311433391812,
    "align_mean_normal": 0.0536828450858593,
    "align_mean_anom": -0.017292208969593048,
    "contrast_mean_normal": -0.931595504283905,
    "contrast_mean_anom": -0.9958516955375671
  },
  "elapsed_sec": 62.6130576133728
}