{
  "rows": [
    {
      "seed": 0,
      "n_points": 6,
      "first_epoch": 0,
      "last_epoch": 50,
      "loss_first": 0.0,
      "loss_final": 0.1267451047897339,
      "loss_delta": 0.1267451047897339,
      "auc_first": 0.8048386520347448,
      "auc_final": 0.7517823588533568,
      "auc_delta": -0.05305629318138805,
      "ap_first": 0.46823815125078483,
      "ap_final": 0.21740044274748088,
      "ap_delta": -0.25083770850330395,
      "corr_loss_auc": -0.8471061264976265,
      "corr_loss_ap": -0.8064430642955475,
      "slope_auc_over_epoch": -0.0005971586102482122,
      "slope_loss_over_epoch": -2.6491624968392716e-05,
      "auc_peak_epoch": 0,
      "auc_peak": 0.8048386520347448,
      "loss_min_epoch": 0,
      "loss_min": 0.0
    },
    {
      "seed": 1,
      "n_points": 6,
      "first_epoch": 0,
      "last_epoch": 50,
      "loss_first": 0.0,
      "loss_final": 0.11600273847579956,
      "loss_delta": 0.11600273847579956,
      "auc_first": 0.7996633014814679,
      "auc_final": 0.7601050287513595,
      "auc_delta": -0.03955827273010837,
      "ap_first": 0.38085447224538527,
      "ap_final": 0.22756178106225058,
      "ap_delta": -0.15329269118313468,
      "corr_loss_auc": -0.9300517415840094,
      "corr_loss_ap": -0.8502676529680713,
      "slope_auc_over_epoch": -0.00028750489409710175,
      "slope_loss_over_epoch": -0.0006816062756947106,
      "auc_peak_epoch": 0,
      "auc_peak": 0.7996633014814679,
      "loss_min_epoch": 0,
      "loss_min": 0.0
    },
    {
      "seed": 2,
      "n_points": 6,
      "first_epoch": 0,
      "last_epoch": 50,
      "loss_first": 0.0,
      "loss_final": 0.12410185486078262,
      "loss_delta": 0.12410185486078262,
      "auc_first": 0.7830565072841422,
      "auc_final": 0.7564443412255337,
      "auc_delta": -0.0266121660586085,
      "ap_first": 0.28523294967949464,
      "ap_final": 0.20276567685343258,
      "ap_delta": -0.08246727282606206,
      "corr_loss_auc": -0.8719375588372879,
      "corr_loss_ap": -0.9028340358079415,
      "slope_auc_over_epoch": 5.715940138063186e-05,
      "slope_loss_over_epoch": -0.0005960672880922048,
      "auc_peak_epoch": 0,
      "auc_peak": 0.7830565072841422,
      "loss_min_epoch": 0,
      "loss_min": 0.0
    },
    {
      "seed": 3,
      "n_points": 6,
      "first_epoch": 0,
      "last_epoch": 50,
      "loss_first": 0.0,
      "loss_final": 0.09962547570466995,
      "loss_delta": 0.09962547570466995,
      "auc_first": 0.7826275871947789,
      "auc_final": 0.7131456001669697,
      "auc_delta": -0.06948198702780917,
      "ap_first": 0.30694565016315545,
      "ap_final": 0.16625770725967295,
      "ap_delta": -0.1406879429034825,
      "corr_loss_auc": -0.4100125589907008,
      "corr_loss_ap": -0.6072510800820451,
      "slope_auc_over_epoch": -0.001099222475136957,
      "slope_loss_over_epoch": -0.0007846046558448247,
      "auc_peak_epoch": 0,
      "auc_peak": 0.7826275871947789,
      "loss_min_epoch": 0,
      "loss_min": 0.0
    },
    {
      "seed": 4,
      "n_points": 6,
      "first_epoch": 0,
      "last_epoch": 50,
      "loss_first": 0.0,
      "loss_final": 0.12745776772499084,
      "loss_delta": 0.12745776772499084,
      "auc_first": 0.7798279524543266,
      "auc_final": 0.7460155435439229,
      "auc_delta": -0.03381240891040371,
      "ap_first": 0.2772433786691946,
      "ap_final": 0.19175194436452583,
      "ap_delta": -0.08549143430466874,
      "corr_loss_auc": -0.7071859397079194,
      "corr_loss_ap": -0.7549830236204909,
      "slope_auc_over_epoch": -0.00037707114680287675,
      "slope_loss_over_epoch": -0.0007659832494599478,
      "auc_peak_epoch": 0,
      "auc_peak": 0.7798279524543266,
      "loss_min_epoch": 0,
      "loss_min": 0.0
    }
  ],
  "mean_loss_delta": 0.11878658831119537,
  "mean_auc_delta": -0.04450422558166356,
  "mean_ap_delta": -0.14255540994413038
}