{
  "seed": 0,
  "dataset": "elliptic",
  "train_rate": 0.05,
  "val_rate": 0.0,
  "head_mode": "dual_margin_two_score",
  "ablation_mode": "full",
  "n_labeled_normal": 2086,
  "normal_ref_normal_ratio": 1.0,
  "anom_ref_anom_ratio": 0.10741130487071557,
  "anom_ref_anom_ratio_on_anom_nodes": 0.6836908690869087,
  "best_val_auc": -1.0,
  "best_val_ap": -1.0,
  "best_test_auc": -1.0,
  "best_test_ap": -1.0,
  "best_epoch": -1,
  "final_test_auc": 0.7517823588533568,
  "final_test_ap": 0.21740044274748088,
  "final_train_auc": 0.9889063187997599,
  "final_score_std": 3.016230344772339,
  "final_sn_std": 1.7729284763336182,
  "final_sa_std": 1.518027663230896,
  "final_margin_std": 0.468753457069397,
  "final_margin_test_mean": 0.5652012228965759,
  "diagnostic_auc": {
    "normality_logit_auc": 0.24821764114664316,
    "normality_logit_ap": 0.06170908161169384,
    "neg_normality_logit_auc": 0.7517823588533568,
    "neg_normality_logit_ap": 0.21740044274748088,
    "sn_auc": 0.27849754893013073,
    "sn_ap": 0.06408231448288715,
    "neg_sn_auc": 0.7215024510698693,
    "neg_sn_ap": 0.1766329726426296,
    "sa_auc": 0.7252285738034866,
    "sa_ap": 0.19717649197716763,
    "neg_sa_auc": 0.2747714261965133,
    "neg_sa_ap": 0.06378669001278009,
    "margin_auc": 0.7937890144472121,
    "margin_ap": 0.5509969938431467,
    "neg_margin_auc": 0.2062109855527879,
    "neg_margin_ap": 0.05739106741070022,
    "sa_minus_sn_auc": 0.7334089590768698,
    "sa_minus_sn_ap": 0.1962561906725539,
    "sn_minus_sa_auc": 0.26659104092313024,
    "sn_minus_sa_ap": 0.0632006960774754
  },
  "time_sec": 217.9210922718048
}