{
  "seed": 3,
  "dataset": "elliptic",
  "train_rate": 0.05,
  "val_rate": 0.0,
  "head_mode": "dual_margin_two_score",
  "ablation_mode": "full",
  "n_labeled_normal": 2099,
  "normal_ref_normal_ratio": 1.0,
  "anom_ref_anom_ratio": 0.10813342925865475,
  "anom_ref_anom_ratio_on_anom_nodes": 0.6794554455445545,
  "best_val_auc": -1.0,
  "best_val_ap": -1.0,
  "best_test_auc": -1.0,
  "best_test_ap": -1.0,
  "best_epoch": -1,
  "final_test_auc": 0.7131456001669697,
  "final_test_ap": 0.16625770725967295,
  "final_train_auc": 0.9922227535923662,
  "final_score_std": 2.7511112689971924,
  "final_sn_std": 1.6090936660766602,
  "final_sa_std": 1.4671359062194824,
  "final_margin_std": 0.48185670375823975,
  "final_margin_test_mean": 0.5564653277397156,
  "diagnostic_auc": {
    "normality_logit_auc": 0.2868543998330303,
    "normality_logit_ap": 0.06439179014438731,
    "neg_normality_logit_auc": 0.7131456001669697,
    "neg_normality_logit_ap": 0.16625770725967295,
    "sn_auc": 0.33605382393610206,
    "sn_ap": 0.06905209872592741,
    "neg_sn_auc": 0.663946176063898,
    "neg_sn_ap": 0.13702898615190734,
    "sa_auc": 0.663080836139378,
    "sa_ap": 0.1360334494120335,
    "neg_sa_auc": 0.33691916386062204,
    "neg_sa_ap": 0.06886200474838557,
    "margin_auc": 0.7840436607691752,
    "margin_ap": 0.4904185762510793,
    "neg_margin_auc": 0.21595633923082497,
    "neg_margin_ap": 0.0579015668197331,
    "sa_minus_sn_auc": 0.6737058309157704,
    "sa_minus_sn_ap": 0.14101480203058525,
    "sn_minus_sa_auc": 0.32629416908422965,
    "sn_minus_sa_ap": 0.06767976088460631
  },
  "time_sec": 219.84737038612366
}